Source,Target,Weight,MallCount
STARBUCKS COFFEE,CPN,5,38
IT BANANA,CPN,5,37
AIS,CPN,5,37
WATSONS,CPN,5,37
MK RESTAURANT,CPN,5,37
CAFE AMAZON,CPN,5,37
AUNTIE ANNE'S,CPN,5,37
KFC,CPN,5,37
BOOTS,CPN,5,36
DAIRY QUEEN,CPN,5,36
SWENSEN'S,CPN,5,35
BIG CAMERA,CPN,5,35
SIAM COMMERCIAL BANK,CPN,5,34
BANGKOK BANK,CPN,5,34
TRUE,CPN,5,34
YAYOI,CPN,5,34
SAMSUNG,CPN,5,33
CROCS,CPN,5,33
JAYMART,CPN,5,33
S&P,CPN,5,32
POTATO CORNER,CPN,5,32
BATA,CPN,5,32
SUPER SPORTS,CPN,5,32
UNIQLO,CPN,5,32
ADIDAS,CPN,5,31
GOVERNMENT SAVINGS BANK,CPN,5,31
GIORDANO,CPN,5,31
POWER BUY,CPN,5,31
SHABUSHI,CPN,5,31
FUJI,CPN,5,31
LYN,CPN,5,31
AURORA,CPN,5,31
YVES ROCHER,CPN,4,30
KRUNG THAI BANK,CPN,4,30
SKECHERS,CPN,4,30
HACHIBAN RAMEN,CPN,4,30
MISTER DONUT,CPN,4,30
ORIENTAL PRINCESS,CPN,4,30
BAR-B-Q PLAZA,CPN,4,30
KASIKORN BANK,CPN,4,30
B2S,CPN,4,30
JASPAL,CPN,4,29
BETTER VISION,CPN,4,29
BONCHON,CPN,4,29
SANTA FE' STEAK,CPN,4,29
TG FONE,CPN,4,29
XIAOMI,CPN,4,29
SIZZLER,CPN,4,28
CPS CHAPS,CPN,4,28
OPPO,CPN,4,28
DAISO,CPN,4,27
JIB,CPN,4,27
SABINA,CPN,4,26
CHATRAMUE,CPN,4,26
CC-OO,CPN,4,26
NITIPON CLINIC,CPN,4,26
MOSHI MOSHI,CPN,4,26
BANK OF AYUDHYA,CPN,4,26
THE KLINIQUE,CPN,4,26
DTAC,CPN,4,26
LYN AROUND,CPN,4,25
EYE CLASS,CPN,4,25
TMB THANACHART BANK,CPN,4,25
KOI THE,CPN,4,25
JUBILEE DIAMOND,CPN,4,24
MC JEANS,CPN,4,24
FUKU MATCHA,CPN,4,24
THE PIZZA COMPANY,CPN,4,23
IT CITY,CPN,4,23
BEAUTRIUM,CPN,4,23
FOOD PARK,CPN,4,22
CHARLES & KEITH,CPN,4,22
OWNDAYS,CPN,4,21
VIVO,CPN,4,21
JELLY BUNNY,CPN,4,21
AKA,CPN,4,21
LEVI'S,CPN,4,21
ZEN JAPANESE RESTAURANT,CPN,3,20
THE FACE SHOP,CPN,3,20
PLAYBOY,CPN,3,20
CONVERSE,CPN,3,20
OOTOYA,CPN,3,20
AIIZ,CPN,3,20
FITFLOP,CPN,3,20
LAEM CHAROEN SEAFOOD,CPN,3,20
SE-ED,CPN,3,20
TOPS MARKET,CPN,3,19
CUTE PRESS,CPN,3,19
OFFICEMATE,CPN,3,19
LACOSTE,CPN,3,19
YUEDPAO,CPN,3,19
PRO CLEAN,CPN,3,19
STUDIO 7,CPN,3,19
KRISPY KREME,CPN,3,18
OLINO CREPE & TEA,CPN,3,18
HUAWEI,CPN,3,18
BODY GLOVE,CPN,3,18
BAKE A WISH,CPN,3,18
ANELLO,CPN,3,18
BOOST JUICE BAR,CPN,3,18
YAMAZAKI,CPN,3,18
CENTRAL DEPARTMENT STORE,CPN,3,17
FOCUS,CPN,3,17
MC DONALD'S,CPN,3,17
MINISO,CPN,3,17
KATSUYA,CPN,3,17
PRADAP,CPN,3,17
GANGNAM CLINIC,CPN,3,17
KT OPTIC,CPN,3,17
DILAVIE,CPN,3,16
ON THE TABLE,CPN,3,16
P&F,CPN,3,16
MR. DIY,CPN,3,16
PANDORA,CPN,3,16
KRUNGSRI FIRST CHOICE,CPN,3,15
TAYWIN ORIGINAL STYLE,CPN,3,15
P.A. PHONE,CPN,3,15
BANGKOK INSURANCE,CPN,3,15
BEBE PHONE,CPN,3,15
PEPPER LUNCH,CPN,3,15
CHESTER'S,CPN,3,14
PREM,CPN,3,14
GAGA,CPN,3,14
OPTIC SQUARE,CPN,3,14
COCO ICHIBANYA,CPN,3,14
BANGKOK GOLDS,CPN,3,14
UOB XPRESS,CPN,3,14
THE NEXT,CPN,3,14
ROBINSON DEPARTMENT STORE,CPN,3,14
ASICS,CPN,3,13
TO B 1 HAIR STATION,CPN,3,13
BLACK CANYON COFFEE,CPN,3,13
GOVERNMENT HOUSING BANK,CPN,3,13
CATH KIDSTON,CPN,3,13
LAOS YUAN,CPN,3,13
UMAY PLUS,CPN,3,13
ROMRAWIN CLINIC,CPN,3,13
HAVAIANAS,CPN,3,13
APEX,CPN,3,13
BATH & BODY WORKS,CPN,3,13
POLI-CHEM,CPN,3,12
MAJOR CINEPLEX,CPN,3,12
MO-MO-PARADISE,CPN,3,12
EXPORT SHOP,CPN,3,12
KAMU TEA,CPN,3,12
REALME,CPN,3,12
SUKISHI,CPN,3,12
WRANGLER,CPN,3,12
UNITED OVERSEAS BANK,CPN,3,12
AEON,CPN,3,12
MUANG THAI LIFE ASSURANCE,CPN,3,12
MIXUE,CPN,3,12
COLD STONE CREAMERY,CPN,3,11
ADVICE,CPN,3,11
H&M,CPN,3,11
G-SHOCK CASIO,CPN,3,11
SF CINEMA,CPN,3,11
ARI FOOTBALL,CPN,3,11
SUSHIRO,CPN,3,11
YAOWARAT KRUNGTHEP,CPN,3,11
EYE LAB EXCLUSIVE,CPN,3,11
AFTER YOU,CPN,3,11
POMELO,CPN,3,11
FUN CITY,CPN,3,11
NEW BALANCE,CPN,3,11
BREADTALK,CPN,3,11
OISHI RAMEN,CPN,2,10
YAMAHA MUSIC SCHOOL,CPN,2,10
TOPS,CPN,2,10
GARMIN,CPN,2,10
THE NORTH FACE,CPN,2,10
URTHE,CPN,2,10
WITH IT,CPN,2,10
WACOAL,CPN,2,10
BOON TONG KEE,CPN,2,10
NGG,CPN,2,10
VANS,CPN,2,10
MUJI,CPN,2,10
SHU UEMURA,CPN,2,10
PORNKASEM CLINIC,CPN,2,10
HIGH SCHOOL,CPN,2,10
G-SHOCK,CPN,2,10
CIMB THAI BANK,CPN,2,9
UNDER ARMOUR,CPN,2,9
HUA SENG HONG,CPN,2,9
BEAUTY BUFFET,CPN,2,9
SAMSONITE,CPN,2,9
FUTURE LIVING,CPN,2,9
OPTICAL 88,CPN,2,9
GQ,CPN,2,9
RIP CURL,CPN,2,9
SWAROVSKI,CPN,2,9
FILA,CPN,2,9
MLB,CPN,2,9
CUT & CURL,CPN,2,9
HUSH PUPPIES,CPN,2,9
LAO YUAN,CPN,2,9
TEVA,CPN,2,9
REMAX,CPN,2,9
WAGASHI,CPN,2,9
IPPUDO,CPN,2,9
TISCO BANK,CPN,2,9
KIPLING,CPN,2,8
MOTTA,CPN,2,8
INNISFREE,CPN,2,8
SALAD FACTORY,CPN,2,8
DIAMOND FOR YOU,CPN,2,8
FRESH ME,CPN,2,8
YOSHINOYA,CPN,2,8
MOLTO,CPN,2,8
MANGO,CPN,2,8
SHANE ENGLISH SCHOOL,CPN,2,8
THAILAND POST OFFICE,CPN,2,8
COWAY,CPN,2,8
NINETIES DESIGN,CPN,2,8
NEW ERA,CPN,2,8
AUTO1,CPN,2,8
QUINN,CPN,2,8
TPARTNER,CPN,2,8
I CARE,CPN,2,8
FITNESS FIRST,CPN,2,8
V SQUARE CLINIC,CPN,2,8
WHITE STORY,CPN,2,8
MATSUMOTO KIYOSHI,CPN,2,8
NIKE,CPN,2,7
GNC,CPN,2,7
LEMONY,CPN,2,7
BIRKENSTOCK,CPN,2,7
CURIOO KIDS,CPN,2,7
MARIMEKKO,CPN,2,7
NAI IN,CPN,2,7
CHAMPION,CPN,2,7
ECCO,CPN,2,7
MISTY MYNX,CPN,2,7
CENTRAL FOOD HALL,CPN,2,7
LOOKER,CPN,2,7
ASIA BOOKS,CPN,2,7
SAINT ETOILE BY YAMAZAKI,CPN,2,7
CSC,CPN,2,7
KUMPOON,CPN,2,7
LEE,CPN,2,7
KYO ROLL EN,CPN,2,7
INTHANIN COFFEE,CPN,2,7
WARAPORN SALAPAO,CPN,2,7
YOGURUTO,CPN,2,7
K. ACCESSORIES,CPN,2,7
DUCATI,CPN,2,7
FOOD PATIO,CPN,2,7
MATH TALENT BY DR. YING,CPN,2,7
I STUDIO,CPN,2,7
TUMRUBTHAI,CPN,2,7
RATCHANON,CPN,2,7
M LIFE,CPN,2,7
HAAGEN-DAZS,CPN,2,7
ALDO,CPN,2,6
PUMA,CPN,2,6
SLIM UP CENTER,CPN,2,6
MOS BURGER,CPN,2,6
DYSON,CPN,2,6
TOMMY HILFIGER,CPN,2,6
ZEN,CPN,2,6
COACH,CPN,2,6
GUY LAROCHE,CPN,2,6
VICTORIA SECRET BEAUTY,CPN,2,6
WATTS,CPN,2,6
GUESS,CPN,2,6
COFFEE WORLD,CPN,2,6
LUXOPTIC,CPN,2,6
THAI CREDIT BANK,CPN,2,6
GUESS ACCESSORIES,CPN,2,6
SUKISHI CHARCOAL GRILL,CPN,2,6
SPAGHETTI FACTORY,CPN,2,6
BABIES GENIUS,CPN,2,6
BONJOUR,CPN,2,6
SAEMAEUL,CPN,2,6
RAVIPA,CPN,2,6
G2000,CPN,2,6
NOBICHA,CPN,2,6
MUSIC COLLECTION,CPN,2,6
HAI DI LAO,CPN,2,6
YUGEN,CPN,2,6
KEDS,CPN,2,6
REV RUNNR,CPN,2,6
AMAXS,CPN,2,6
SUNGLASS HUT,CPN,2,6
ONITSUKA TIGER,CPN,2,6
ORIGANI,CPN,2,6
KPN MUSIC ACADEMY,CPN,2,5
UOB,CPN,2,5
CALVIN KLEIN,CPN,2,5
GENTLEWOMAN,CPN,2,5
DAVIE JONES,CPN,2,5
DOLLAR BOUTIQUE,CPN,2,5
MILLE,CPN,2,5
HARNN,CPN,2,5
SABOTEN,CPN,2,5
ANTA,CPN,2,5
FRED PERRY,CPN,2,5
DR. PONG,CPN,2,5
MIHIMIHI,CPN,2,5
เซ่งเฮง,CPN,2,5
DJI,CPN,2,5
TAYWIN,CPN,2,5
CC DOUBLE O,CPN,2,5
DIOR,CPN,2,5
NICE TWO MEAT U,CPN,2,5
BAOJI,CPN,2,5
WONDER PHOTO SHOP,CPN,2,5
KRUNGTHAI BANK,CPN,2,5
ROYAL IVY REGATTA,CPN,2,5
INLINGUA,CPN,2,5
SUPER RICH,CPN,2,5
CHABUTON,CPN,2,5
THE ALLEY,CPN,2,5
MARKS & SPENCER,CPN,2,5
JONES SALAD,CPN,2,5
COLUMBIA,CPN,2,5
MAKOTO,CPN,2,5
KAWAI MUSIC SCHOOL,CPN,2,5
GATEAUX HOUSE,CPN,2,5
NATURE,CPN,2,5
ZEIN,CPN,2,5
THE TRAVEL STORE,CPN,2,5
HONAJI RAMEN,CPN,2,5
D'ARTE,CPN,2,5
TOPS DAILY,CPN,2,5
WATCH STATION,CPN,2,5
AMOR,CPN,2,5
JOYLIDAY PLUS,CPN,2,5
PAY BY P.A.PHONE,CPN,2,5
MR. SHAKE,CPN,2,5
WALL STREET ENGLISH,CPN,2,5
KUB KAO KUB PLA,CPN,2,5
BANGKOK GOLD,CPN,2,5
KIATNAKIN BANK,CPN,2,5
QQ DESSERT,CPN,2,5
SEPHORA,CPN,2,5
NOSE TEA,CPN,2,5
BEARHOUSE,CPN,2,5
THE VIRIYAH INSURANCE,CPN,2,5
PRONTO,CPN,2,5
PHATARAMANEE,CPN,2,5
LUXURY,CPN,2,5
KIEHL'S,CPN,1,4
TENYA,CPN,1,4
STRACK YUM,CPN,1,4
PAN CLINIC,CPN,1,4
MAESRIRUEN,CPN,1,4
RESTER,CPN,1,4
SUSHI DEN,CPN,1,4
MICHAEL KORS,CPN,1,4
PAINT N PLAY,CPN,1,4
ELEMENT 72,CPN,1,4
ADORE,CPN,1,4
DOSH (DESCENDANT OF SUPERHEROES),CPN,1,4
MONTIPA,CPN,1,4
SMILEYHOUND,CPN,1,4
YUM SAAP,CPN,1,4
I CAN READ,CPN,1,4
KARMART,CPN,1,4
ERIC KAYSER,CPN,1,4
SUPER RICH THAILAND,CPN,1,4
AES CLASS CLINIC,CPN,1,4
NOO YOO,CPN,1,4
TTB BANK,CPN,1,4
BLACK PEARL,CPN,1,4
CLAY WORKS,CPN,1,4
PIZZA HUT,CPN,1,4
KRUNGSRI,CPN,1,4
REGENT DIAMOND,CPN,1,4
WANG TOA KANG YAOWARAT GOLD,CPN,1,4
TAMNAK THONG 5,CPN,1,4
SIAM LASER CLINIC,CPN,1,4
E-QUIP,CPN,1,4
TENJO,CPN,1,4
NGG JEWELLERY,CPN,1,4
PET LOVER CENTRE,CPN,1,4
PRIMA DIAMOND,CPN,1,4
PRIMA GOLD,CPN,1,4
ANASTASIA MIARAY,CPN,1,4
HANGTHONG WHANG TOH KANG YAOWARAJ,CPN,1,4
YAKINIKU LIKE,CPN,1,4
KIDZOOONA,CPN,1,4
BKK DIAMOND,CPN,1,4
GIORGIO ARMANI,CPN,1,4
YUMEYA,CPN,1,4
TOMS,CPN,1,4
ALL ABOUT YOU,CPN,1,4
GLASSAHOLIC,CPN,1,4
AU BON PAIN,CPN,1,4
IROHA RAMEN,CPN,1,4
TG EXPRESS,CPN,1,4
SUKIYA,CPN,1,4
YOU & I SUKI,CPN,1,4
AQUA COSMETICS,CPN,1,4
KOI THÉ,CPN,1,4
YOGURT LAND,CPN,1,4
LENS & TIME,CPN,1,4
SUKISHI KOREAN CHARCOAL GRILL,CPN,1,4
CHER CLINIC,CPN,1,4
EARW THAI SUKI BORAN,CPN,1,4
X=ACT,CPN,1,4
INFINITY,CPN,1,4
CRUZY,CPN,1,4
MIKI MIKI,CPN,1,4
CLARINS,CPN,1,4
JIM THOMPSON,CPN,1,4
ACE,CPN,1,4
OPATRA,CPN,1,4
KHUNPOOM,CPN,1,4
YENLY YOURS,CPN,1,4
MEZZO COFFEE,CPN,1,4
KAGONOYA,CPN,1,4
TAG HEUER,CPN,1,4
CLICKROBOT,CPN,1,4
KANSEI SUSHI,CPN,1,4
PRANAKORN BOAT NOODLE,CPN,1,4
MINE,CPN,1,4
LABX,CPN,1,4
SLC CLINIC,CPN,1,4
HAIR D' CRAFT,CPN,1,4
IT GO,CPN,1,4
LIVERPOOL,CPN,1,4
THE BODY SHOP,CPN,1,4
SUPERDRY,CPN,1,4
TISSOT,CPN,1,4
SAVE DRUG,CPN,1,4
PUNTHAI COFFEE,CPN,1,4
NIYOM JEANS,CPN,1,4
REEBOK,CPN,1,4
SUIT SELECT,CPN,1,4
ARROW,CPN,1,4
CURLY CUT,CPN,1,4
KAWAI,CPN,1,4
BONAGE,CPN,1,3
O&B,CPN,1,3
LOOKCHINTHIP,CPN,1,3
BAIMIANG,CPN,1,3
U DIAMOND,CPN,1,3
COCCINELLE,CPN,1,3
B SA B,CPN,1,3
RUE ROYALE,CPN,1,3
ZOOM CAMERA,CPN,1,3
AVOCADO,CPN,1,3
OPPO SERVICE,CPN,1,3
CAMPER,CPN,1,3
ICARE,CPN,1,3
OISHI EATERIUM,CPN,1,3
KOFUKU,CPN,1,3
SOMTAM NUA,CPN,1,3
SHICHIDA,CPN,1,3
SUBWAY,CPN,1,3
TELEWIZ,CPN,1,3
ZARA,CPN,1,3
SWATCH,CPN,1,3
RUENNAMPRIK,CPN,1,3
RARDNALUNGHOITIENLAO,CPN,1,3
SEIKO,CPN,1,3
ASA SERVICE,CPN,1,3
KHAMOOJAKKAPAD,CPN,1,3
RED SUN,CPN,1,3
SUUNTO,CPN,1,3
CHANEL,CPN,1,3
JOYLIDAY,CPN,1,3
GARRETT POPCORN SHOPS,CPN,1,3
MAMA BABY,CPN,1,3
UMM!..MILK,CPN,1,3
SOUND CHECK KARAOKE,CPN,1,3
KATE SPADE,CPN,1,3
T-PARTNER,CPN,1,3
GUCCI,CPN,1,3
DIESEL,CPN,1,3
GIVENCHY,CPN,1,3
CHONGDEE TEAHOUSE,CPN,1,3
WESTERN UNION,CPN,1,3
COS MARCHE,CPN,1,3
BEARD PAPA'S,CPN,1,3
MIDO,CPN,1,3
ROSE JEWELRY STUDIO,CPN,1,3
JACK RUSSEL,CPN,1,3
JETTS 24 HOUR FITNESS,CPN,1,3
KAREN,CPN,1,3
SUSHI PLUS,CPN,1,3
SATO DON,CPN,1,3
MERIDA CLINIC,CPN,1,3
LITTLE REDFOX,CPN,1,3
MA CHANDELLE,CPN,1,3
LUCKY MILK,CPN,1,3
WASH ME,CPN,1,3
MANCHESTER,CPN,1,3
GLO,CPN,1,3
THONGSUAY,CPN,1,3
BIG C,CPN,1,3
AKALIKO,CPN,1,3
MIKUCHA,CPN,1,3
TIMBERLAND,CPN,1,3
HEAVY,CPN,1,3
CITY CHAIN,CPN,1,3
JACOB,CPN,1,3
PROMISE,CPN,1,3
ORANGINAL,CPN,1,3
A'MAZE,CPN,1,3
KUMON,CPN,1,3
PIERRE CARDIN,CPN,1,3
DAKS,CPN,1,3
BOOMERANG,CPN,1,3
LUKFOOK JEWELLERY,CPN,1,3
TOPS FOOD HALL,CPN,1,3
RADO,CPN,1,3
ANANTA,CPN,1,3
PLOYRADA CLINIC,CPN,1,3
KENNETH COLE,CPN,1,3
CARNIVAL,CPN,1,3
OUTDOOR BOTANICA BY ELEMENT 72,CPN,1,3
L'OCCITANE,CPN,1,3
YODCHA,CPN,1,3
PULL & BEAR,CPN,1,3
MAC,CPN,1,3
EP,CPN,1,3
BATH&BLOOM,CPN,1,3
NARAYA,CPN,1,3
KEEN,CPN,1,3
BP WORLD,CPN,1,3
LAGRACE CLINIC,CPN,1,3
ISTUDIO BY COPPERWIRED,CPN,1,3
KIKI BABY,CPN,1,3
POLO RALPH LAUREN,CPN,1,3
ห้างทองหวังโต๊ะกังเยาวราช,CPN,1,3
TONG GARDEN,CPN,1,3
THE VOLCANO,CPN,1,3
OISHI BUFFET,CPN,1,3
SKYLUCK,CPN,1,3
BAAN YING CAFE & MEAL,CPN,1,3
EASY BUDDY,CPN,1,3
TORY BURCH,CPN,1,3
ASUS,CPN,1,3
FERRAGAMO,CPN,1,3
LH BANK,CPN,1,3
ROYAL IVY REGATTA NEW ENGLAND,CPN,1,3
JOOM ZAP HUT/BAR B Q,CPN,1,3
OCHAYA,CPN,1,3
C&D,CPN,1,3
PHUNGNOI BAKERY,CPN,1,3
MELODY KARAOKE,CPN,1,3
COLOUR NAIL,CPN,1,3
LAND AND HOUSE BANK,CPN,1,3
FOREVER FLAWLESS,CPN,1,3
TOKYO SWEETS,CPN,1,3
ก๋วยเตี๋ยวเรือพระนคร,CPN,1,3
KOOMI,CPN,1,3
BLOOMING HOUSE,CPN,1,3
VICTORINOX,CPN,1,3
PROVINCIAL ELECTRICITY AUTHORITY,CPN,1,3
KOBE STEAK HOUSE,CPN,1,3
SAINT CROISSANT,CPN,1,3
KEDMA,CPN,1,3
GUSS DAMN GOOD,CPN,1,3
JING JAI MARKET,CPN,1,3
HONOR,CPN,1,3
KIKO MILANO,CPN,1,3
LIVIA,CPN,1,3
MERREZ'CA,CPN,1,3
V2LAND,CPN,1,3
STRAWBERRY CLUB,CPN,1,3
SIAMAUMPAWA,CPN,1,3
BANGKOK TIME CENTER,CPN,1,3
BEN'S COOKIES,CPN,1,3
KARUN THAI TEA,CPN,1,3
425 DEGREE,CPN,1,3
LEGO CERTIFIED STORE,CPN,1,3
AMERICAN EAGLE OUTFITTERS,CPN,1,3
DICKIES,CPN,1,3
THE ADJECTIVE,CPN,1,3
SPIN,CPN,1,3
BRATPACK,CPN,1,3
BOSSINI,CPN,1,3
PADTHAIHOYTODSIAMUMPAVA,CPN,1,3
LONGINES,CPN,1,3
AI-CHA,CPN,1,3
ONGSA MOBILE,CPN,1,3
MAKALIN CLINIC,CPN,1,3
MR. BAG FIX,CPN,1,3
TP TEA,CPN,1,3
MX CAKES & BAKERY,CPN,1,3
ECC LANGUAGE INSTITUTE,CPN,1,3
NAIL CLUB,CPN,1,3
3BB,CPN,1,3
KA-NOM,CPN,1,2
GOVERNMENT COUNTER SERVICE,CPN,1,2
CARLABEROTTI,CPN,1,2
KUAI CHAP SAM THUM,CPN,1,2
ATM TEA BAR,CPN,1,2
SUNRISE TACOS,CPN,1,2
NIKE FACTORY STORE,CPN,1,2
ABC COOKING STUDIO,CPN,1,2
MANTENDO,CPN,1,2
PALFISH CLASS,CPN,1,2
BABY GIFT,CPN,1,2
LAURA MERCIER,CPN,1,2
FIRE TIGER BY SEOULCIAL CLUB,CPN,1,2
RAJDHEVEE CLINIC,CPN,1,2
JOURNAL,CPN,1,2
MISTER EYES,CPN,1,2
HAOLE,CPN,1,2
KAITHONG,CPN,1,2
CHIVAROME,CPN,1,2
SCOTT JUMP,CPN,1,2
THONG SMITH,CPN,1,2
SPARSHA SLIMMING CENTER,CPN,1,2
ON,CPN,1,2
JIMMY CHOO,CPN,1,2
COPEL,CPN,1,2
AGLAM,CPN,1,2
SUGAR FAMILY,CPN,1,2
MIYAZAKI,CPN,1,2
MCM,CPN,1,2
HOOPS STATION,CPN,1,2
ONCE UPON A TIME,CPN,1,2
YAMADAYA,CPN,1,2
BABY HILLS,CPN,1,2
LEE WRANGLER,CPN,1,2
KUAY TIEW JEANG LOOK CHIN PLA,CPN,1,2
JAPARA,CPN,1,2
เตี๋ยวเรือเสาวรีย์,CPN,1,2
PACAMARA,CPN,1,2
JAMBA JUICE,CPN,1,2
DE PRECO,CPN,1,2
SUSHI EXPRESS,CPN,1,2
MEMORIZE BROWNIE,CPN,1,2
POLICE,CPN,1,2
T.TIME,CPN,1,2
THE LITTLE GYM,CPN,1,2
ORIENTAL JEWELRY & GOLD,CPN,1,2
NARS,CPN,1,2
ELEPH,CPN,1,2
WASHI,CPN,1,2
ZLEEP SLEEP,CPN,1,2
APPLE SHEEP,CPN,1,2
MOSCHINO,CPN,1,2
DELSEY,CPN,1,2
NESPRESSO,CPN,1,2
CHEEVIT CHEEVA,CPN,1,2
BROWN CAFE,CPN,1,2
JOHN LANGFORD,CPN,1,2
SAYAM KINRI,CPN,1,2
SMILE SEASONS DENTAL CLINIC,CPN,1,2
TONKATSU WAKO,CPN,1,2
RALPH LAUREN,CPN,1,2
JURLIQUE,CPN,1,2
INTRENDMALL,CPN,1,2
ROBOTHINK,CPN,1,2
BAN PAI MY PRINTING,CPN,1,2
KARL LAGERFELD,CPN,1,2
AZABU SABO,CPN,1,2
AURA BANGKOK CLINIC,CPN,1,2
ALBA,CPN,1,2
YOUR FACE,CPN,1,2
KEY & SHOES SERVICE,CPN,1,2
GEOX,CPN,1,2
BABYBOTTE,CPN,1,2
BUTTERFLY THAI PERFUME,CPN,1,2
LANEIGE,CPN,1,2
CANTEEN,CPN,1,2
ZHANGLIANG MALATANG,CPN,1,2
PLAYSOUND,CPN,1,2
ELLE,CPN,1,2
MAMIL,CPN,1,2
GLOBAL ART,CPN,1,2
WAKASHI,CPN,1,2
ISTUDIO BY SPVI,CPN,1,2
HEALTH UP,CPN,1,2
QUALITY KIDS,CPN,1,2
LUSH FRESH HANDMADE COSMETICS,CPN,1,2
TOM FORD BEAUTY,CPN,1,2
PASTEL MAGIC,CPN,1,2
KRUNGSRI BANK,CPN,1,2
MONTBLANC,CPN,1,2
PASAYA,CPN,1,2
HONMONO,CPN,1,2
GIZMO,CPN,1,2
DOCTOR LIFE,CPN,1,2
LIKE DENTAL CLINIC,CPN,1,2
BAAN CAKE BY NUNAN,CPN,1,2
YOMIE'S RICE X YOGURT,CPN,1,2
LE COQ SPORTIF,CPN,1,2
CLINIQUE,CPN,1,2
GOVERNMENT SERVICE POINT,CPN,1,2
GUERLAIN,CPN,1,2
EAT AM ARE,CPN,1,2
KOSE,CPN,1,2
DAKASHI,CPN,1,2
BUNNY SHAKE,CPN,1,2
PAVEMENT,CPN,1,2
DR. SMOOTH LIFE,CPN,1,2
NARCISO RODRIGUEZ,CPN,1,2
KWANG THONG SPECIAL,CPN,1,2
TWENTY SEVEN,CPN,1,2
KIDDY LAND,CPN,1,2
JIAN CHA TEA,CPN,1,2
I SMART,CPN,1,2
ITALASIA,CPN,1,2
DEFRY 01,CPN,1,2
VALUE PLUS CURRENCY EXCHANGE,CPN,1,2
THREE,CPN,1,2
ROBOROCK,CPN,1,2
K LOVE PHONE,CPN,1,2
DC,CPN,1,2
ไปรษณีย์ไทย,CPN,1,2
I CONNECT,CPN,1,2
UOB BANK,CPN,1,2
TEDDY HOUSE,CPN,1,2
DESTINY CLINIC,CPN,1,2
CENTRAL POST,CPN,1,2
HIT GALLERIA,CPN,1,2
NAUTICA,CPN,1,2
COOL LIVING,CPN,1,2
MONOWHEEL,CPN,1,2
ROOKIE USA,CPN,1,2
I SERVICE,CPN,1,2
PRANAKORN NOODLE,CPN,1,2
ZHANG LIANG,CPN,1,2
BEANS COFFEE ROASTER,CPN,1,2
PAN KHAM HOM,CPN,1,2
LUSH,CPN,1,2
THIRTY LOVE,CPN,1,2
THE HAIR CARE'S,CPN,1,2
TTB,CPN,1,2
XIAO FUWANG,CPN,1,2
U CARE,CPN,1,2
TIMBUK2,CPN,1,2
GOOD GOODS,CPN,1,2
KRUNGSRI FRIST CHOICE,CPN,1,2
JOHN HENRY,CPN,1,2
TAKEO KIKUCHI,CPN,1,2
LA PRAIRIE,CPN,1,2
CHALACHOL,CPN,1,2
MIU MIU,CPN,1,2
WHANGTOHKANG,CPN,1,2
PRIMA,CPN,1,2
YSL,CPN,1,2
HONGMIN,CPN,1,2
BOSE,CPN,1,2
LESPORTSAC,CPN,1,2
GINTELL,CPN,1,2
PAUL SMITH,CPN,1,2
MAURICE LACROIX,CPN,1,2
DRAGCURA,CPN,1,2
SENGHENG,CPN,1,2
HOKA,CPN,1,2
PANPURI,CPN,1,2
PAOPA,CPN,1,2
BSC,CPN,1,2
ATMOS,CPN,1,2
PHONPASSTRA,CPN,1,2
NATURALIZER,CPN,1,2
V SQUARE,CPN,1,2
SCHOLL,CPN,1,2
OISHI BIZTORO,CPN,1,2
HARBORLAND,CPN,1,2
BUN,CPN,1,2
COVERMARK,CPN,1,2
GOLD MASTER,CPN,1,2
AKIMITSU TENDON,CPN,1,2
MASSAGE CHAIR NXN,CPN,1,2
KIDS ZONE,CPN,1,2
ROYAL PROJECT FOUNDATION,CPN,1,2
DEVES INSURANCE,CPN,1,2
BAAN ICE,CPN,1,2
THE ICON,CPN,1,2
RITUALS,CPN,1,2
KANE,CPN,1,2
WAKINGBEE,CPN,1,2
ช่างคอมใจดี,CPN,1,2
CAROLINA HERRERA,CPN,1,2
ELEMENTS,CPN,1,2
SHINKANZEN SUSHI,CPN,1,2
CHOI'S TAEKWONDO,CPN,1,2
PENG GEE,CPN,1,2
YAAK SHOP,CPN,1,2
ESPADA,CPN,1,2
THANK YOU CUP,CPN,1,2
HITORI SHABU,CPN,1,2
HOMEBOY,CPN,1,2
MILK KIDS SALON & NAILS,CPN,1,2
DIN TAI FUNG,CPN,1,2
MATSUKIYO,CPN,1,2
ZELYN,CPN,1,2
SEACRET,CPN,1,2
RNG,CPN,1,2
SALOMON,CPN,1,2
DAKGALBI,CPN,1,2
PANG SIAM,CPN,1,2
BB BEYOND D-BOX,CPN,1,2
ERGOTREND,CPN,1,2
YUZU SUKI,CPN,1,2
SUSHI SEKI,CPN,1,2
PARIN GEMS,CPN,1,2
KMD,CPN,1,2
BILLIONAIRE,CPN,1,2
AT BED,CPN,1,2
BOWCAKE,CPN,1,2
SILHOUETTE,CPN,1,2
LASSIE DECOR,CPN,1,2
THE SIS CLINIC,CPN,1,2
CLICK CLACK,CPN,1,2
CHILLING STYLE,CPN,1,2
DANCE PLUS,CPN,1,2
RUBBER SOUL,CPN,1,2
MADAME HENG,CPN,1,2
CHERILON,CPN,1,2
THE SKIN DOCTORS,CPN,1,2
SHOE STORY,CPN,1,2
FURLA,CPN,1,2
MAISON BERGER PARIS,CPN,1,2
ERGO,CPN,1,2
SQUEEZE BY TIPCO,CPN,1,2
TOKYO OPTIC,CPN,1,2
ESTEE LAUDER,CPN,1,2
METICULOUS,CPN,1,2
PANKAN,CPN,1,2
CITIZEN,CPN,1,2
RE-IT,CPN,1,2
THAI DENMARK,CPN,1,2
ห้างทองเยาวราชกรุงเทพ,CPN,1,2
QUIKSILVER,CPN,1,2
MINIMELTS,CPN,1,2
RIVERSIDE MALA,CPN,1,2
PRIME BURGER THAILAND,CPN,1,2
AVEDA,CPN,1,2
ALBEDO,CPN,1,2
ORIGINS,CPN,1,2
TUMMOUR EXPRESS,CPN,1,2
BOBBI BROWN,CPN,1,2
THE BIBIMBAB,CPN,1,2
TADA,CPN,1,2
KUAYJUBSAMTOOM,CPN,1,2
SIAM RAMA III MUSIC SCHOOL,CPN,1,2
FIXI FOOT,CPN,1,2
BRAIN SCHOOL,CPN,1,2
ROXY,CPN,1,2
SSAMTHING TOGETHER,CPN,1,2
NATIVE,CPN,1,2
VOCALIZE,CPN,1,2
MAGNANO,CPN,1,2
NAIL IT,CPN,1,2
KISS ME DOLL,CPN,1,2
ON RUNNING,CPN,1,2
SF BRAND NAME,CPN,1,2
PENDULUM,CPN,1,2
SKINNY SPOON,CPN,1,2
KANEBO,CPN,1,2
O.W.L.,CPN,1,2
EYE LEVEL,CPN,1,2
HAMILTON,CPN,1,2
CHARLOTTE TILBURY,CPN,1,2
ICECREAMMAHACHAI,CPN,1,2
OTTERI,CPN,1,2
URBAN AKTIV,CPN,1,2
MAITREECHIT,CPN,1,2
T-KITCHEN,CPN,1,2
PIM @ POST,CPN,1,2
ANNE KLEIN,CPN,1,2
YOLE,CPN,1,2
FLASH EXPRESS,CPN,1,2
CASIO,CPN,1,2
LANCOME,CPN,1,2
OOFOS,CPN,1,2
BURBERRY,CPN,1,2
MOPLAY,CPN,1,2
ESPRIT,CPN,1,2
DAVIDOFF,CPN,1,2
DOLCE GELATINO,CPN,1,2
PERFECT 10,CPN,1,2
KHRUA PHRIK SOT,CPN,1,2
FUN STATION,CPN,1,2
ZAPLAI,CPN,1,2
HOURGLASS,CPN,1,2
SUGAR MONDAY,CPN,1,2
BANILA CO.,CPN,1,2
TUM MOUR,CPN,1,2
PACO RABANNE,CPN,1,2
BREO,CPN,1,2
I SHOP,CPN,1,2
MATCHBOX,CPN,1,2
GLAMOR,CPN,1,2
BANDAI,CPN,1,2
TIME CARE SHOP,CPN,1,2
VERSACE,CPN,1,2
ORIS,CPN,1,2
PEWDEE CLINIC,CPN,1,2
KHIANG,CPN,1,2
NOODLE GARDEN,CPN,1,2
ESP,CPN,1,2
MK LIVE,CPN,1,2
A MONEY,CPN,1,2
CAGGIONI,CPN,1,2
REVLON,CPN,1,2
DOUBLE GOOSE,CPN,1,2
CYBORG KONG,CPN,1,2
FOSSIL,CPN,1,2
BLANC EYELASH SALON TOKYO,CPN,1,2
MELISSA CLUBE,CPN,1,2
PLAY SOUND,CPN,1,2
PROMAN,CPN,1,2
EARDOTS,CPN,1,2
MOMIZU HOUSE,CPN,1,2
AX ARMANI EXCHANGE,CPN,1,2
SOURI,CPN,1,2
JIENG FISH BALL,CPN,1,2
CHUNN,CPN,1,2
BUJEONG CLINIC,CPN,1,2
JO MALONE,CPN,1,2
HASUL,CPN,1,2
TALIA,CPN,1,2
TOKUYO,CPN,1,2
OCEAN HEROES,CPN,1,2
LUMINOX,CPN,1,2
JUST IN CASE,CPN,1,2
SUSHI RICHA,CPN,1,2
LAMY,CPN,1,2
BARON'S BAR BY THE CHEESE BARON,CPN,1,2
MAISEN,CPN,1,2
KHONG KWAN CLINIC,CPN,1,2
STRAW FACTORY,CPN,1,2
7TH STREET,CPN,1,2
OH! RICH,CPN,1,2
OWL CHA,CPN,1,2
KHAO KHAICHIAO SONGKHRUEANG,CPN,1,2
BFF,CPN,1,2
DREAME,CPN,1,2
SUSHI HIRO,CPN,1,2
SEECHA,CPN,1,2
DAPPER,CPN,1,2
CHABA NAILS & BROWS,CPN,1,2
NYLA,CPN,1,2
REUNROM,CPN,1,2
FOUR SEASONS,CPN,1,2
STYLE BALA SHOP,CPN,1,2
BOTANIFIQUE,CPN,1,2
SULWHASOO,CPN,1,2
SUPERB BRANDNAME,CPN,1,2
HUGO BOSS,CPN,1,2
HERMES,CPN,1,2
PETCLUB,CPN,1,2
COFFEE TODAY,CPN,1,2
BIG MAC DIGITAL PRINTING,CPN,1,2
LUCKY,CPN,1,2
SOS,CPN,1,2
PLAIN PLAIN BY NOI,CPN,1,2
VIVO SERVICE,CPN,1,2
GOPRO,CPN,1,2
SECRET RECIPE,CPN,1,2
MLAB,CPN,1,2
KHANOM JEEN BANGKOK,CPN,1,2
SAINT ETOILE,CPN,1,2
TIME ZONE,CPN,1,2
LITTLE CHOUX,CPN,1,2
TIEWRUASAOWAREE,CPN,1,2
SFX CINEMA,CPN,1,2
CHEESY FRIED SNACKS,CPN,1,2
DANIEL WELLINGTON,CPN,1,2
ISTUDIO,CPN,1,2
DOLCE GABBANA,CPN,1,2
VERRA,CPN,1,2
FOTO FILE,CPN,1,2
ELEMIS,CPN,1,2
LETAO,CPN,1,2
BEYOND THE VINES,CPN,1,2
EASY MONEY SHOP,CPN,1,2
MODERN AIR,CPN,1,2
GLOBLEX SECURITIES,CPN,1,2
BABY BASKET,CPN,1,2
BEVERLY HILLS POLO CLUB,CPN,1,2
MODULO,CPN,1,2
BIOTHERM,CPN,1,2
BANGKOK DANCE ACADEMY,CPN,1,2
ISSEY MIYAKE,CPN,1,2
SOUTHERN COFFEE,CPN,1,2
SISLEY,CPN,1,2
GOVERNMENT CENTER,CPN,1,2
SHISEIDO,CPN,1,2
ZAAB ELI,CPN,1,2
FAIRTEX,CPN,1,2
OSIM,CPN,1,2
PASSPORT CENTER,CPN,1,2
BUTTER SCOTCH,CPN,1,2
TUMI,CPN,1,2
CPS COFFEE,CPN,1,2
CHAPAYOM,CPN,1,2
URANUS CLINIC,CPN,1,2
ROYAL SPA,CPN,1,2
MANDARIN,CPN,1,2
CHATERAISE,CPN,1,2
VICTORIA'S SECRET,CPN,1,2
ALTO COFFEE ROASTERS,CPN,1,2
GORILLA,CPN,1,2
KUMO CREATIVE STUDIO BY CLAYWORKS,CPN,1,2
TOT,CPN,1,2
HAIR @ NAIL,CPN,1,2
HI-SHIELD,CPN,1,2
JOJI SECRET YOUNG,CPN,1,2
KENZO,CPN,1,2
MR.JOLLY YOGURT,CPN,1,2
PET 'N ME,CPN,1,2
GELATE,CPN,1,2
HOUSE OF SHOES BY HEAVY SHOES,CPN,1,2
GRAZIOSA DIAMOND,CPN,1,2
GRAND SANYOD,CPN,1,1
WARDROBE MINISTRY,CPN,1,1
WG,CPN,1,1
MERREZCA,CPN,1,1
DERMCARE CLINIC,CPN,1,1
PONGSAK CLINIC,CPN,1,1
KUAWTEAWRUARUENTHAI,CPN,1,1
SANRIO,CPN,1,1
MAGIC PHONE,CPN,1,1
ALIPANTIPUBON,CPN,1,1
QUJAMI,CPN,1,1
OMELETTE RICE,CPN,1,1
PORNPETCH,CPN,1,1
FOURSEASONS,CPN,1,1
YAOWARAT FISH MAW,CPN,1,1
MALDIVES,CPN,1,1
OHHOYAMSODSOD,CPN,1,1
SKULLCANDY,CPN,1,1
ROLEX AT CORTINA WATCH,CPN,1,1
DR.KONG,CPN,1,1
SPORTY & RICH,CPN,1,1
NAI PHONE,CPN,1,1
KIANG,CPN,1,1
SIAMPARASITE,CPN,1,1
LA MEAW,CPN,1,1
71 EXPORT,CPN,1,1
คัตสึ มิโดริ,CPN,1,1
GOSSIP,CPN,1,1
KITTIBOONCHUANCHIM,CPN,1,1
AKITA CHA,CPN,1,1
SUSHI,CPN,1,1
LUKCHINCHAORUEA,CPN,1,1
DOLCE&GABBANA,CPN,1,1
OWLVEE SOFT,CPN,1,1
SUQQU,CPN,1,1
MAE THONGSUK,CPN,1,1
GREYHOUND CAFÉ,CPN,1,1
URTHE X CLASSY,CPN,1,1
BB MOVE,CPN,1,1
CATTIO YOGA,CPN,1,1
PHATARA DIAMOND,CPN,1,1
BANG NUN TEA,CPN,1,1
KHUYTEIWPEDLERDROD,CPN,1,1
ASA,CPN,1,1
ANGLE HOUSE,CPN,1,1
MENG NUA NUA,CPN,1,1
NATIONAL TELECOM,CPN,1,1
SIAMPORK INTERFOOD,CPN,1,1
AHIRU CREPE & TEA,CPN,1,1
343,CPN,1,1
SODA ECO,CPN,1,1
TULKATUNG,CPN,1,1
BERRER,CPN,1,1
TUCK PAD KAPHRAO TRAY GIANT,CPN,1,1
RACHINEEPRIKSOD,CPN,1,1
AC PHONE,CPN,1,1
PHO LUNG HO,CPN,1,1
CN WONDERLAND,CPN,1,1
MC JEAN,CPN,1,1
OISHI GRAND,CPN,1,1
GO!WOW,CPN,1,1
JINTAICECREAM,CPN,1,1
SAMOL SHOP,CPN,1,1
THULE,CPN,1,1
OKII KATSU,CPN,1,1
ĂN CƠM ĂN CÁ,CPN,1,1
OUTER OUTER,CPN,1,1
NIKO AND ...,CPN,1,1
CLAUDIA & DAVIS,CPN,1,1
CHABATREE,CPN,1,1
DRAGON X,CPN,1,1
SEVEN OPTIC,CPN,1,1
OTTER BOX,CPN,1,1
OH DANG DANG,CPN,1,1
TOY R US,CPN,1,1
MORTIMER,CPN,1,1
ข้าวหน้า,CPN,1,1
อ๋อมแอ๋ม,CPN,1,1
MIZUSAWA,CPN,1,1
RAE CLINIC,CPN,1,1
EUPHORIA,CPN,1,1
CHUEN CHAI,CPN,1,1
MOMOKO BAG & SHOES SPA,CPN,1,1
AMPERSAND,CPN,1,1
KKV,CPN,1,1
KHAIJEAWPANLAN,CPN,1,1
GASHAPON BANDAI,CPN,1,1
PANERAI,CPN,1,1
MOS GUITAR,CPN,1,1
FURLISH COMMON ROOM,CPN,1,1
KRUADOARROTEE,CPN,1,1
SUKEE MAO WORLD LIK,CPN,1,1
KONG DEE MUANGKON,CPN,1,1
FRESH MOBILE,CPN,1,1
ZWILLING J.A. HENCKELS,CPN,1,1
BOWERS & WILKINS,CPN,1,1
BEST ELIXIR,CPN,1,1
FONG FAB LAUNDRY & DRYCLEAN,CPN,1,1
ONI MILK & TEA,CPN,1,1
ORBITKEY,CPN,1,1
EPIPHANY,CPN,1,1
POLOTRAVEL CLUB,CPN,1,1
TBC CLINIC,CPN,1,1
YOTORI,CPN,1,1
IT'S SKIN,CPN,1,1
BOUTIQUE ASIA BY MAPLE,CPN,1,1
KARAMENYA MASUMOTO,CPN,1,1
MI STORE,CPN,1,1
PANKHAMHOM,CPN,1,1
LUMOS,CPN,1,1
COVERNAT,CPN,1,1
HASGUARD,CPN,1,1
P&A MOBILE,CPN,1,1
OVV,CPN,1,1
TOP BOX TOYS,CPN,1,1
HAI DI LOA,CPN,1,1
ตำโคราช,CPN,1,1
MMC CLINIC,CPN,1,1
COUNTER AUMPERYIM,CPN,1,1
THE COG WATCH,CPN,1,1
CHOUNAN,CPN,1,1
พระราม3 โฟโต้,CPN,1,1
ACQUA DI PARMA,CPN,1,1
PAN PAN PAN,CPN,1,1
MIRA,CPN,1,1
SUPER FIX,CPN,1,1
LIM LAO NGOW ORIGINAL,CPN,1,1
PLUS DENTAL CLINIC,CPN,1,1
RAKHANG,CPN,1,1
SCB,CPN,1,1
O-KA-SHI,CPN,1,1
BOUQUET,CPN,1,1
MAMA ACCESSORIES,CPN,1,1
KIMTEE FINE JEWELRY,CPN,1,1
CSECURE,CPN,1,1
BEERPARK,CPN,1,1
KOKORO GYOZA,CPN,1,1
SHAKA,CPN,1,1
KIMMY ART TOYS,CPN,1,1
GUAYJABYUANBYPORUBON,CPN,1,1
ก๋วยเตี๋ยวเนื้อตุ๋น-หมูตุ๋นเฮียพล,CPN,1,1
RAB A ROON BEEF NOODLE,CPN,1,1
KANGNAM RESTAURANT,CPN,1,1
MUM KHONGWANG,CPN,1,1
HAPPY PLUGS,CPN,1,1
THE REPBLIC GRILL & RESTAURANT,CPN,1,1
NEO CLINIC,CPN,1,1
LENSKART,CPN,1,1
RUMRUAY CHICKEN NOODLE,CPN,1,1
OTORI YAKI,CPN,1,1
OSAKA SEAFOOD,CPN,1,1
HARMONY LIFE CENTER MEDICAL CLINIC,CPN,1,1
FLUFF'S EGG CAKE,CPN,1,1
BANGKOK TALES,CPN,1,1
MOBILE SHOP CENTER,CPN,1,1
KRAURTHAI,CPN,1,1
MISTINE,CPN,1,1
LOCK BOX,CPN,1,1
TAN KUN,CPN,1,1
KID'S BOX,CPN,1,1
IMPRESS HAIR SALON,CPN,1,1
PASSPORT,CPN,1,1
F PHONE,CPN,1,1
MONTOOKMED,CPN,1,1
SKII,CPN,1,1
KEDAIKOPI,CPN,1,1
MINI SCOOTER,CPN,1,1
NIKUYA,CPN,1,1
KARMAKAMET,CPN,1,1
INTER,CPN,1,1
ÑAM ÑAM PASTA AND TAPAS,CPN,1,1
GURT & GAIN,CPN,1,1
DAENG NAMNUANG,CPN,1,1
KANOMTOKYO,CPN,1,1
THE THAI CREDIT RETAIL BANK,CPN,1,1
SKD CLINIC,CPN,1,1
SHOE BAR,CPN,1,1
DOPPIO,CPN,1,1
SI RACHA CINEPLEX,CPN,1,1
CHILL CHILL BAR,CPN,1,1
SAKURA,CPN,1,1
อำเภอยิ้ม,CPN,1,1
SAEMAEUL SIKDANG,CPN,1,1
SEKI,CPN,1,1
NATCHA,CPN,1,1
HOKKAIDO SOFTKREAM,CPN,1,1
DUANGDEE PHONE,CPN,1,1
DRMARTENS,CPN,1,1
KINGCLASS ACADEMY,CPN,1,1
BOOMBOOM TOY KIDS,CPN,1,1
HOME BOY,CPN,1,1
KANOMJEENTHAILAO,CPN,1,1
VUUDH,CPN,1,1
CHICHA SAN CHEN,CPN,1,1
LET'S MANDARIN,CPN,1,1
COSCEN,CPN,1,1
RICH JEWELRY,CPN,1,1
UNDERDOME,CPN,1,1
LA MER,CPN,1,1
JINTA MUSIC,CPN,1,1
TIME,CPN,1,1
YAK KAPROTARD,CPN,1,1
RADNACHAKKAPAD,CPN,1,1
CO GO ROUND,CPN,1,1
HAAB,CPN,1,1
LOVELY NAILS,CPN,1,1
SYN MUN KONG INSURANCE,CPN,1,1
SKATE PROPLUS,CPN,1,1
NANYUAN,CPN,1,1
KONCEPT FURNITURE,CPN,1,1
ESP FRENCHIE,CPN,1,1
SEOGA & COOK,CPN,1,1
YOKSOD,CPN,1,1
SUVARN,CPN,1,1
BOSTANTEN,CPN,1,1
OKLS,CPN,1,1
KIDZOONA,CPN,1,1
LIKE,CPN,1,1
TAEKWONDO ACADEMY,CPN,1,1
SPEEDIANCE,CPN,1,1
BAGGAGE LUGGAGE,CPN,1,1
1976,CPN,1,1
DALY BABY,CPN,1,1
ตุนท์ชาบูม,CPN,1,1
ALMOND,CPN,1,1
MUJOSH,CPN,1,1
2ND STREET,CPN,1,1
CALVIN KLEIN JEANS,CPN,1,1
NAYLAMOMKATARON BY TUKTUKCAFE,CPN,1,1
STOREHOUSE ALL ABOUT LINEN,CPN,1,1
WIREFAST,CPN,1,1
COOLLABO,CPN,1,1
SABO SABO,CPN,1,1
YA MA DA YA BY SA KAI LAK,CPN,1,1
LASH BOUTIQUE,CPN,1,1
VASO TAPAS BAR,CPN,1,1
SONY,CPN,1,1
BANSUAN CHAISAKARIN,CPN,1,1
RONG SI,CPN,1,1
BANARMAE ARHANTAMSANG,CPN,1,1
SANAN SEAFOOD,CPN,1,1
MONTALE,CPN,1,1
MAKE ME MANGO,CPN,1,1
A.CEMI,CPN,1,1
HONGKONG WAFFLE,CPN,1,1
I CINNECT,CPN,1,1
THE COCOA BAR,CPN,1,1
YODHENG KUAITIAORUE AYUDHAYA,CPN,1,1
KITTIN,CPN,1,1
ปังสยาม,CPN,1,1
THE COSMETIC COMPANY,CPN,1,1
L.A.B.X CLINIC,CPN,1,1
LUXURY LIVING INTERNATIONAL,CPN,1,1
YOUR FLOWERS,CPN,1,1
BAO BAO,CPN,1,1
LANNAMPHRIK,CPN,1,1
TAMSANGKHUNAEK,CPN,1,1
RUMPHA,CPN,1,1
NONGSAHAROS,CPN,1,1
THE HERITAGE NAIL SPA,CPN,1,1
VARELA,CPN,1,1
COLA,CPN,1,1
IT MOBILE & SERVICE,CPN,1,1
SKIPPY WONDERLAND,CPN,1,1
KRUARIMJUNG,CPN,1,1
RUST BRAND,CPN,1,1
SIN CHAI HUA,CPN,1,1
VIVIENNE WESTWOOD,CPN,1,1
SHABU CHAIN,CPN,1,1
SNOOWING BINGSU,CPN,1,1
KANGOL,CPN,1,1
KHAO KHAICHIAO O&T,CPN,1,1
VELA CLINIC,CPN,1,1
THE CHOCOLATE FACTORY,CPN,1,1
2WIN,CPN,1,1
MINIMELT,CPN,1,1
KHRAW SYAM,CPN,1,1
KRUAKHAOPHAD168,CPN,1,1
KARL BY KARL LAGERFELD,CPN,1,1
SCB INVESTMENT CENTER AND SCB BUSINESS CENTER,CPN,1,1
THE VIVE STUDIO,CPN,1,1
YOMROSSABBANMATU,CPN,1,1
BASKIN ROBBINS,CPN,1,1
MODERN CUT,CPN,1,1
AROI DI,CPN,1,1
GOTCHA,CPN,1,1
SAINT LAURENT,CPN,1,1
KOKORO OMAKASE,CPN,1,1
HIT,CPN,1,1
VILLAINS SF,CPN,1,1
MAKOTO AND MISTER ROBOT,CPN,1,1
VIVE PERFUME,CPN,1,1
KRUNGSRI LOBBY,CPN,1,1
SARAMANDA,CPN,1,1
EVERSINCE,CPN,1,1
ONE TO TWO,CPN,1,1
YAYOI JAPANESE RESTAURANT,CPN,1,1
LUMOS SERVICE,CPN,1,1
TAPA GAME,CPN,1,1
PERFECT COMBINATION,CPN,1,1
SAKULTHONG,CPN,1,1
LEGEND WALKER,CPN,1,1
ROOL,CPN,1,1
BLOOMING CAFÉ,CPN,1,1
YAMSAB,CPN,1,1
PUCREPE,CPN,1,1
DORTMUEND,CPN,1,1
SEOUL GARDEN,CPN,1,1
GLOD ELEMENT,CPN,1,1
FREDERIC HAIR DESIGN,CPN,1,1
GRANEDA,CPN,1,1
CHALEESTEAK,CPN,1,1
TAROTO,CPN,1,1
STUDIO PHONE,CPN,1,1
MONKEY HOUSE TAPROOM & RESTAURANT,CPN,1,1
TA PAE TOM YUM NOODLE,CPN,1,1
GUAY DTIEOW NEUA DTUN,CPN,1,1
KHAWKHAMOO KHUNMAE BY DUANGDARA,CPN,1,1
LUCKLY,CPN,1,1
ANOTHER WAY WE SPEAK,CPN,1,1
PHAD THAI HOY TOD SIAM AUMPHAWA,CPN,1,1
GOOD HAND THAI MASSAGE & SPA,CPN,1,1
NINTIES X SO.ON,CPN,1,1
AEAKALAK KUAY TIEW NEA TUN,CPN,1,1
CHABARGAEW,CPN,1,1
NT,CPN,1,1
ANNA FASHION,CPN,1,1
PAN SHOP,CPN,1,1
N&J MOBILE,CPN,1,1
MATCHA & MORE,CPN,1,1
VIERA BY RAGAZZE,CPN,1,1
MAESREE,CPN,1,1
KONGKA FURNITURE,CPN,1,1
CHICKEN THIP CHANG STEWED NOODLE,CPN,1,1
TOY TOWN,CPN,1,1
KHUNYING PHRIK SOT,CPN,1,1
YONEX,CPN,1,1
THAI CREDIT BANK PCL,CPN,1,1
ยำปากเจ่อ&สลัดโรล,CPN,1,1
LOUIS FONTAINE,CPN,1,1
CHEFU TOWN KID'S COOKING SCHOOL,CPN,1,1
HONMONO SUSHI,CPN,1,1
MAKE N HAPPEN,CPN,1,1
PAUL BAKERY,CPN,1,1
SPARSHA MEDICA,CPN,1,1
CHOW TAI FOOK,CPN,1,1
I-GENIUS EDUCATION,CPN,1,1
KASARA SHUSHI,CPN,1,1
KAOKANGKHONKON,CPN,1,1
ธนาคารออมสิน,CPN,1,1
FIN88,CPN,1,1
เสือใต้,CPN,1,1
BUBBLE TIME,CPN,1,1
KASIKORN BANK (KBANK),CPN,1,1
THE PARROT,CPN,1,1
SPARSHA,CPN,1,1
JD SPORTS,CPN,1,1
MARC JACOBS,CPN,1,1
YOGTABKAPRAOYOKTAD,CPN,1,1
ONG TONG KHAO SOI,CPN,1,1
ZEN SUSHI&SAKE,CPN,1,1
CARAN DACHE,CPN,1,1
EGG KHAICHIAO TO CHAN,CPN,1,1
KIN DEE BY THE SELECT,CPN,1,1
LEGO,CPN,1,1
DENTAL FACTORY,CPN,1,1
SAISON DU SOLEIL BY YAMAZAKI,CPN,1,1
TAJIMAYA YAKINIKU,CPN,1,1
SWEETTIME,CPN,1,1
FOCUS BY HENGGROUP,CPN,1,1
MICHI,CPN,1,1
COSME DECORTE,CPN,1,1
HENG HENG VINTAGE,CPN,1,1
KODAK PHOTO,CPN,1,1
OMAZZ GALLERY,CPN,1,1
NAMTAOHUU PU PLA,CPN,1,1
DIVOOM,CPN,1,1
SET UP,CPN,1,1
BYD,CPN,1,1
DREAM UP HOUSE BUIDER,CPN,1,1
WONGMIN,CPN,1,1
XLARGE,CPN,1,1
SOFUTO,CPN,1,1
TOCA BOX,CPN,1,1
SOLO PHONE,CPN,1,1
LAB X,CPN,1,1
SECTOR,CPN,1,1
BLISS STONE,CPN,1,1
KHAOKHAMUSAMOSORN,CPN,1,1
USPOLO ASSN,CPN,1,1
EXCELLENCY,CPN,1,1
THE CHAMPION,CPN,1,1
REUN ROM,CPN,1,1
X2 THAILAND,CPN,1,1
UOB UNITED BANKING,CPN,1,1
GENTLE WOMEN,CPN,1,1
GOLD HORSE CLINIC & SPA,CPN,1,1
PEEK DESIGN,CPN,1,1
MASSIMO DUTTI,CPN,1,1
DEFUNC HOME,CPN,1,1
TAPHIAN BOAT NOODIES,CPN,1,1
TACHA,CPN,1,1
PASSPORT CENTER สำนักงานหนังสือเดินทาง,CPN,1,1
P@T IT SERVICE,CPN,1,1
CRAFT CODE ROBOTIC,CPN,1,1
AT EGG JAEW TORJAN,CPN,1,1
DELIVERY FEE,CPN,1,1
CHILL PARK,CPN,1,1
MORE PHONE,CPN,1,1
P.F BAKERY,CPN,1,1
HIYAKU,CPN,1,1
H.MILLION CLINIC,CPN,1,1
F&Y PHONE,CPN,1,1
HOLSTER,CPN,1,1
SKLZ,CPN,1,1
PIYANAS,CPN,1,1
HUG AT HOME,CPN,1,1
MR.CHACHAK & ROTI,CPN,1,1
COZZY SAYIDO,CPN,1,1
IATA EXPRESS,CPN,1,1
EVERYTHING,CPN,1,1
SANPO FISHERIES,CPN,1,1
THE RAMYOEN BY THE BIBIMBAM,CPN,1,1
LEMO,CPN,1,1
CLUB MONACO,CPN,1,1
จรัญญา ป้ากับลุงปรุงก๋วยเตี๋ยว,CPN,1,1
STEVE MADDEN,CPN,1,1
BB WAX AND SPA,CPN,1,1
DEVY,CPN,1,1
ZEGNA,CPN,1,1
SATUR,CPN,1,1
EGG STORY,CPN,1,1
MAEMEEKAOSOI,CPN,1,1
GAVINSON,CPN,1,1
BALENCIAGA,CPN,1,1
PUSAN COFFEE (กาแฟน่าน),CPN,1,1
B GRILL STEAK,CPN,1,1
OISHI BIZ TORO,CPN,1,1
MHOEFRIE JAIDEE,CPN,1,1
POST SERVICE,CPN,1,1
ธนาคารไทยเครดิต,CPN,1,1
LUCKY 13 SANDWICH,CPN,1,1
VITREE,CPN,1,1
THANN,CPN,1,1
VANGTHONGDEE,CPN,1,1
CHOLE,CPN,1,1
RACHAKHAMOO,CPN,1,1
LITTLE CHINESE LEARNING CENTER,CPN,1,1
MEKO CLINIC,CPN,1,1
THAMES,CPN,1,1
TOHKAI YAKINIKU,CPN,1,1
KHAWMOK SYAM - IN DO,CPN,1,1
NUR TAIR,CPN,1,1
KAMAN AMULETS,CPN,1,1
CHA KUNGRAO,CPN,1,1
THEPNAKORN,CPN,1,1
KUAITIEWTOMYUMOCHA,CPN,1,1
PLAYMONDO,CPN,1,1
KIJIEWSONGKRUEING,CPN,1,1
RELAX TIME,CPN,1,1
NAM PRIK MEA NANG,CPN,1,1
WORLDWIDE EDUCATION,CPN,1,1
TWELVE VICTORY EXCHANGE,CPN,1,1
THE KITCHEN,CPN,1,1
PS. KISS ME DOLL,CPN,1,1
LEAPP,CPN,1,1
KAYIM COFFEE ROASTER,CPN,1,1
THE BEYOND CLINIC,CPN,1,1
BUNGU,CPN,1,1
PBS CENTAL CLINIC,CPN,1,1
DOOKKI,CPN,1,1
AQUA,CPN,1,1
ARENA,CPN,1,1
YAMADA,CPN,1,1
PENGUIN KNIGHT,CPN,1,1
DON'T TELL MAMA,CPN,1,1
KLOSET & ETCETERA,CPN,1,1
TATOO BY CARTOON,CPN,1,1
TOYS”R”US,CPN,1,1
ALA TURCA TURKISH CUISINE,CPN,1,1
MORA,CPN,1,1
MUSIC AVENUE,CPN,1,1
MASERATI,CPN,1,1
STEAKKHUNNAI,CPN,1,1
KHAHMUSENTHLUY,CPN,1,1
PARKER,CPN,1,1
ฝ้ายส้มตำ,CPN,1,1
GRAND DIAMOND,CPN,1,1
WANGYAKMEE,CPN,1,1
YAMAMORI WAFFLE,CPN,1,1
PLAYWORKS,CPN,1,1
INTREND MUSIC,CPN,1,1
KAE KAE SHOP,CPN,1,1
MAX & CO.,CPN,1,1
VERAPARIS,CPN,1,1
ARIGYUGRILL,CPN,1,1
MEGA NAILS SPA,CPN,1,1
IMAROINAMJIMSOOTBORAN,CPN,1,1
RUAY MONGKOL,CPN,1,1
ORBIS,CPN,1,1
MONGNI CAFÉ,CPN,1,1
JBL,CPN,1,1
DE RICH GRAND CLINIC,CPN,1,1
I ACCESSORIES,CPN,1,1
YANGCHEESE GRILCHABU,CPN,1,1
GRANEDA CLINIC,CPN,1,1
KOGORO,CPN,1,1
LOVE KEY BIG KEY,CPN,1,1
KIDDY WORLD,CPN,1,1
LIVIA BY MONTIP,CPN,1,1
KEYMAN,CPN,1,1
TENJO SUSHI & YAKINIKU PREMIUM BUFFET,CPN,1,1
@ NAIL,CPN,1,1
BEWITCHED EVERYDAY BOARDGAME CAFE,CPN,1,1
CHIM SE DESSERT,CPN,1,1
VNC,CPN,1,1
PPK BLOOD STATION ณ จันท์,CPN,1,1
BEYOND SMILE DENTAL CLINIC,CPN,1,1
BONUS SUKI,CPN,1,1
EUCERIN,CPN,1,1
LUKCHIN THOT,CPN,1,1
225,CPN,1,1
PROKEDS,CPN,1,1
QUIKSILVER ROXY DC,CPN,1,1
RED DIAMOND,CPN,1,1
CHICCO,CPN,1,1
EAT ME EAT CLEAN,CPN,1,1
RALLETS,CPN,1,1
RARDNANAIKIENG,CPN,1,1
DELAVIE,CPN,1,1
AN MOBILE,CPN,1,1
PRINT ONE,CPN,1,1
KING MATH,CPN,1,1
T2C CURRENCY EXCHANGE,CPN,1,1
PROPAGANDA,CPN,1,1
KHUNYING HAIR SALON,CPN,1,1
ROCK PLANET,CPN,1,1
SONG SENG HENG YAOWARAJ,CPN,1,1
HUA PLA CHONG NONSRI JUNIOR,CPN,1,1
ESCENT NAKHON SAWAN,CPN,1,1
SARU PHONE,CPN,1,1
KARAKATE GALLERY,CPN,1,1
NANPHRIK CHAKKRAPHAT,CPN,1,1
DARLING DOGS,CPN,1,1
BOBBY BRAND,CPN,1,1
APPLE HOUSE,CPN,1,1
HAPPY MOBILE,CPN,1,1
BENLAI,CPN,1,1
JUTATIP,CPN,1,1
THE RINK ICE ARENA,CPN,1,1
ZINE SHOP,CPN,1,1
SIRI DIAMOND,CPN,1,1
HELLO CASE,CPN,1,1
LA MEOW MALA,CPN,1,1
NOBI CHA,CPN,1,1
POP UP,CPN,1,1
NS MOBILE,CPN,1,1
หยวนหมิงหยวนเส้นหมี่,CPN,1,1
LEE KITCHEN,CPN,1,1
MARIO MINARDI,CPN,1,1
โรงเรียนพัฒนาและเสริมสร้างศักยภาพทางสมอง เซ็นทรัลเวสต์วิลล์,CPN,1,1
AROI BY APP,CPN,1,1
ARINASOMPAN,CPN,1,1
PEUNGNOIZ HYPE STREET,CPN,1,1
KRAPHOPLA A U,CPN,1,1
KAREYA,CPN,1,1
SLOTHS CAFE,CPN,1,1
PANCAKE CAFÉ,CPN,1,1
MEAT LABO,CPN,1,1
THE TOUCH,CPN,1,1
UNG HENG LEE GOLD,CPN,1,1
FAST LEARN ACADEMY,CPN,1,1
BIG MOBILE,CPN,1,1
YUM NUA,CPN,1,1
WANG TOH KANG YAOWARAT,CPN,1,1
JADE GARDEN,CPN,1,1
TUDOR,CPN,1,1
THONGYAOWARAT,CPN,1,1
GOVERNMENT SERVICES,CPN,1,1
LUXEQUEEN,CPN,1,1
MEETSEEDBARBEER,CPN,1,1
NHK GADGET,CPN,1,1
JAN PHONE,CPN,1,1
SUREE FLORIST,CPN,1,1
YKC VISA SERVICE CENTER,CPN,1,1
NOURKUAYTIEWNUAR,CPN,1,1
HER,CPN,1,1
MIDNIGHTGAITON,CPN,1,1
AB INTER SERVICE,CPN,1,1
KHAMOOJESOM,CPN,1,1
BREAD TALK,CPN,1,1
ROBOT WORLD,CPN,1,1
CHANTHABURI PASSPORT OFFICE,CPN,1,1
YOLO,CPN,1,1
BUASUWAN JEWELRY,CPN,1,1
YAKMEETANG,CPN,1,1
PENNII PREMIUM POPCORN,CPN,1,1
SVN DATA,CPN,1,1
MISTER SERVICE,CPN,1,1
DISCOUNT OUTLET,CPN,1,1
FUMI JAPANESE CUISINE,CPN,1,1
SAJJAPORN,CPN,1,1
HONEY NUKA,CPN,1,1
MEGA HARBORLAND,CPN,1,1
SMART TRAVEL,CPN,1,1
WARABIMOCHI KAMAKURA,CPN,1,1
PICK A CHOUX,CPN,1,1
SIAM MARKETING,CPN,1,1
LUXURY29,CPN,1,1
ก๋วยเตี๋ยวไก่มะระ,CPN,1,1
PAYOT,CPN,1,1
EVEANDBOY,CPN,1,1
HERO CITY BY FUN CITY,CPN,1,1
KHIANG EM PHAI,CPN,1,1
MUCH MORE,CPN,1,1
TINY TOYS,CPN,1,1
L'CLINIC,CPN,1,1
AITIM PHAT,CPN,1,1
KHUNMAEJU,CPN,1,1
THE MILLENNIUM CLINIC,CPN,1,1
CREED,CPN,1,1
HANKY HOUSE,CPN,1,1
SINET,CPN,1,1
JEFFER STEAK,CPN,1,1
GO WOW!,CPN,1,1
LIBERTY CLINIC,CPN,1,1
RAD NA SIAM GOONG YAK,CPN,1,1
MUSSAYA,CPN,1,1
NESCAFE,CPN,1,1
PIANISMO MUSIC ACADEMY,CPN,1,1
SP PHONE,CPN,1,1
LES NEREIDES PARIS / N2 PARIS,CPN,1,1
RAINBO,CPN,1,1
AIRWHEEL,CPN,1,1
TUK PHONE,CPN,1,1
IQAIR,CPN,1,1
TIME DECO,CPN,1,1
SUNSHINE,CPN,1,1
TEN HIGH,CPN,1,1
SUNMOULIN ROYAL,CPN,1,1
LALIN,CPN,1,1
JIENG LOOK CHIN PLA,CPN,1,1
ARIKHAOMOKKAI,CPN,1,1
POLO,CPN,1,1
WHAN MOBILE,CPN,1,1
SAFETY JOGGER,CPN,1,1
JEWEL CAFE,CPN,1,1
T-DENIM,CPN,1,1
NAILS&TOES,CPN,1,1
SKY LUCK,CPN,1,1
KRUAKUNNUCH,CPN,1,1
CHOB CHA,CPN,1,1
SBARSHA,CPN,1,1
CHRISTIANA,CPN,1,1
ANASTASIA,CPN,1,1
HUG TECH,CPN,1,1
ARGO,CPN,1,1
CARSON,CPN,1,1
GIANT EXPLOSION FISH BALL,CPN,1,1
BREITLING,CPN,1,1
FLOG,CPN,1,1
PHONE PHONE,CPN,1,1
WISDOM INTERNATIONAL BUFFET,CPN,1,1
EVERYTHINGHOUND BY GREYHOUND,CPN,1,1
OH! JUICE,CPN,1,1
PORTLAND,CPN,1,1
MERGE,CPN,1,1
EMMO,CPN,1,1
HEDGREN,CPN,1,1
ก๋วยจั๊บน้ำข้นหม้อดิน,CPN,1,1
BLUE CORNER,CPN,1,1
SUPER GOOD,CPN,1,1
ORAWAN COLLECTION,CPN,1,1
VISION PRINCESS,CPN,1,1
ROBOT'S CHILD,CPN,1,1
MEMBER CUTS,CPN,1,1
MOO YOO,CPN,1,1
PRAILEELA,CPN,1,1
ANGLE ZONE COLOR,CPN,1,1
BAIMIANG HEALTHY SHOP,CPN,1,1
WACKY WILLY,CPN,1,1
UD TOYS BY BAAN GUNDAM,CPN,1,1
HAIR DÉCOR,CPN,1,1
HAIR'S PLACE,CPN,1,1
BOATSHOP,CPN,1,1
ขนมจีนแม่กษมา,CPN,1,1
PANG CHA,CPN,1,1
เก้าอี้นวด LEMO,CPN,1,1
OUTLET24,CPN,1,1
BGRILL SATEK KRATHA RON,CPN,1,1
MR.SURE,CPN,1,1
ALUMNUS,CPN,1,1
CHILLICHIC,CPN,1,1
BRICKS 4 KIDZ,CPN,1,1
VIRGIN ACTIVE HEALTH CLUBS,CPN,1,1
HOFSTORE,CPN,1,1
MISTER CHOO,CPN,1,1
PHANNEEMOOPING,CPN,1,1
BA HAO TIAN MI,CPN,1,1
CROSSXROOM,CPN,1,1
WHANGTOHKANG YAOWARAT,CPN,1,1
CHAROVA,CPN,1,1
B PLAY,CPN,1,1
CLARKS,CPN,1,1
STANG PHONE,CPN,1,1
THIRTY LOVE 30-0,CPN,1,1
RACHA SEAFOOD HOY YEE SIB,CPN,1,1
BONITA EXCLUSIVE,CPN,1,1
CHAISIKARIN HERB HOUSE,CPN,1,1
LITTLE HONGKONG,CPN,1,1
HAPPY HOME ACADEMY,CPN,1,1
ST.DANIS,CPN,1,1
CHATO STUDIO,CPN,1,1
สยามอัมพวา,CPN,1,1
SWAN,CPN,1,1
EILEEN FISHER,CPN,1,1
LT FISH RESTAURANT,CPN,1,1
KUNCHERN(AEKKAMAI),CPN,1,1
HAY,CPN,1,1
MATTAYA VISION CENTER,CPN,1,1
SIAM DRUG,CPN,1,1
PAN KHAM HOM CAFE,CPN,1,1
KUAWTEAWRUARAYONG,CPN,1,1
CHAKHEYWDI,CPN,1,1
KUATIEW SUKHOTHAI NAI HIN,CPN,1,1
CAPTHAI,CPN,1,1
ข้าวมันไก่ประตูน้ำ,CPN,1,1
MAIMORN CUSINE,CPN,1,1
CHILLI THAI RESTAURANT,CPN,1,1
IPSA,CPN,1,1
WHOO,CPN,1,1
NAPA,CPN,1,1
MORGAN,CPN,1,1
SANTA BARBARA,CPN,1,1
SKY TELECOM,CPN,1,1
VITAMIN CLUB,CPN,1,1
L.A.B. X,CPN,1,1
JAY CHIU,CPN,1,1
TALON,CPN,1,1
P PHONE,CPN,1,1
TONKATSU AOKI,CPN,1,1
YOGURBARA,CPN,1,1
RAM RUAY TELEPHONE,CPN,1,1
VITSAVA NOODLE,CPN,1,1
TREND,CPN,1,1
KANOMBEUANGMAESOMJIT,CPN,1,1
BHC CHICKEN,CPN,1,1
SAMEROS GELATO CAFE,CPN,1,1
KIZTOPIA,CPN,1,1
MONITA,CPN,1,1
MAY BANK KIM ENG,CPN,1,1
MINIMAL COFFEE,CPN,1,1
BAREHARE,CPN,1,1
THE FAST BEAUTY,CPN,1,1
PRAM,CPN,1,1
KIEW KAI KA,CPN,1,1
JA GUEM SONG,CPN,1,1
MUU STUDIO,CPN,1,1
BABANA CORN,CPN,1,1
PRIVE,CPN,1,1
GOOD NEWS,CPN,1,1
IRVINS SALTED EGG,CPN,1,1
DKNY,CPN,1,1
CATERPILLAR,CPN,1,1
JK SHOP,CPN,1,1
RUEN MAI THAI YAI,CPN,1,1
EYE BRIGHT,CPN,1,1
K311,CPN,1,1
EMILY'S,CPN,1,1
BE GRAND CLINIC,CPN,1,1
CHATHONG CREATED,CPN,1,1
ANDAMAN PEARL,CPN,1,1
MAISON KITSUNE,CPN,1,1
KLIN,CPN,1,1
FIX & WASH,CPN,1,1
EASTVILLE CINEPLEX,CPN,1,1
THE FARM,CPN,1,1
KWAN NEW WAY SALON REVOLUTION,CPN,1,1
KOKHAIMUN,CPN,1,1
DLUX OPTIC,CPN,1,1
NIPON CLINIC,CPN,1,1
MONKEY SHAKE BY จิ๊บ,CPN,1,1
CLOSE TO NATURE,CPN,1,1
ไก่กรอบป้าแก้ว,CPN,1,1
HOBS,CPN,1,1
PASTA KITCHEN,CPN,1,1
KG18,CPN,1,1
KIKI MATCHA,CPN,1,1
I SERVE,CPN,1,1
DANIEL HECHTER,CPN,1,1
THE COFFEE ACADEMICS,CPN,1,1
กนกพรผัดไทย,CPN,1,1
KHAWMOODEANG MOOKROB JAENHING,CPN,1,1
CHAAUTTHONG,CPN,1,1
KHUNTA THAI MASSAGE,CPN,1,1
RAT NA HIA UAN,CPN,1,1
LAOYUAN,CPN,1,1
CHOMPOODANG,CPN,1,1
KHAOKAENG MAE NUAM DON WAI,CPN,1,1
TUMNUKTHONG,CPN,1,1
VANESZA CLINIC,CPN,1,1
CHEEN,CPN,1,1
TAOHOAY PEDDEANG,CPN,1,1
HATO PET WELLNESS CENTER,CPN,1,1
PRADA,CPN,1,1
RAN KUAI CHAP YUAN,CPN,1,1
DEKKAR,CPN,1,1
YAOWARAJ SINTHAWEE GOLD,CPN,1,1
คลินิก โรงพยาบาลอุดรธานี,CPN,1,1
AUGUST TOYS,CPN,1,1
INDY CREPE & BAKED,CPN,1,1
KHAOKHAIJEAWSONGKHRUEANG,CPN,1,1
PADTHAIKHUNYING,CPN,1,1
HEMP HOUSE,CPN,1,1
MFC ASSET MANAGEMENT PUBLIC COMPANY LIMITED,CPN,1,1
PROAD,CPN,1,1
MAY BANK KIM ENG SECURITIES,CPN,1,1
SOM TUM RIM NAM MOON,CPN,1,1
TORRAS,CPN,1,1
POLAROID,CPN,1,1
MONARCH,CPN,1,1
ENJOY EXCHANGE,CPN,1,1
TAMMACHAATSEEFOOD,CPN,1,1
FIRST CLASS SCHOOL,CPN,1,1
N&B PANCAKE,CPN,1,1
TG SMARTPHONE,CPN,1,1
BARBIE BLINK CLINIC,CPN,1,1
KHAMOOLERDLOD,CPN,1,1
PAD THAI BAY THAI TERRACE,CPN,1,1
HUGO,CPN,1,1
AZZARO,CPN,1,1
BANANA SOLAR,CPN,1,1
KANUMWAANBAANMOR,CPN,1,1
FASHION TV COSMETICS,CPN,1,1
I GENIUS,CPN,1,1
MATA,CPN,1,1
GUCCI BEAUTY,CPN,1,1
NAKHON SAWAN CONVENTION HALL,CPN,1,1
KIDDOLAND BABY,CPN,1,1
STUDIO360,CPN,1,1
LITTLE GIRL,CPN,1,1
KEX EXPRESS,CPN,1,1
APRIL'S BAKERY,CPN,1,1
DYU,CPN,1,1
URAIWAN JEWELRY,CPN,1,1
TWELVE VICTORY,CPN,1,1
7TH STREET BAR&BISTRO,CPN,1,1
KABOCHA SUSHI,CPN,1,1
RUBI,CPN,1,1
YODYOKO,CPN,1,1
KRUAKONKORN,CPN,1,1
DUR KUAITIAO NUEA,CPN,1,1
MONTIP,CPN,1,1
PARMA BY MOZZA,CPN,1,1
SKINN++ INTIMATE,CPN,1,1
BOSSTIME,CPN,1,1
LUCKY SUKI,CPN,1,1
YOK SOT LENG SAEP,CPN,1,1
KARATISE BY KARAT,CPN,1,1
BUTA GAME,CPN,1,1
JUNG SAEM MOOL,CPN,1,1
I SEE T,CPN,1,1
EYELINK OPTIC,CPN,1,1
GOODY,CPN,1,1
SUREENO,CPN,1,1
CO UNLIMITED,CPN,1,1
KAMIMURA,CPN,1,1
KOBE JAPANESE STEAKHOUSE,CPN,1,1
PRO EXTRA TIME,CPN,1,1
MIND,CPN,1,1
SHABUSHI BUFFER BY OISHI,CPN,1,1
DISCO BEST BEEF,CPN,1,1
JINLONG HOUSE,CPN,1,1
NB NICE BODY,CPN,1,1
SPORT WORLD,CPN,1,1
TEMAIM,CPN,1,1
YES EXCHANGE,CPN,1,1
CRYSTAL,CPN,1,1
TRIUMPH,CPN,1,1
THE HASS BISTRO,CPN,1,1
REMAX249,CPN,1,1
ซาลาเปา โกอ้วน,CPN,1,1
FRESH,CPN,1,1
S&B SUDITO PHONE,CPN,1,1
THONG MAE SOM BOON,CPN,1,1
FIN BALLOON & FLOWER,CPN,1,1
MLK CONNECT,CPN,1,1
PRINCESS NAIL,CPN,1,1
KIDS UNIVERSE,CPN,1,1
WILSON,CPN,1,1
AROIDEEKAPHOWTHAD,CPN,1,1
LENG..YOKLOR,CPN,1,1
MAD ABOUT JUICE,CPN,1,1
BLACK BERRY,CPN,1,1
DR.TALLSTERS,CPN,1,1
KUAYTEAWTOMYAMMUCHABU KHIZAB,CPN,1,1
ANANTRA,CPN,1,1
CW CURRYWURST,CPN,1,1
MY WAY,CPN,1,1
JACKY FITNESS,CPN,1,1
M SALAD CAFE' & FOOD FOR LIFE,CPN,1,1
KHROK THONG,CPN,1,1
CHAEMCHEUNNAMKAENGSAI,CPN,1,1
GOVERNMENT EASY CONTACT CENTER,CPN,1,1
KHONGWHAN MAEJUNSOM,CPN,1,1
MAE ME KWAO SOI,CPN,1,1
KATE JEWERY,CPN,1,1
CRUISE BY CHRISTIANA,CPN,1,1
SHU GLOBAL,CPN,1,1
JAS SOFA GALLERY,CPN,1,1
MEMO,CPN,1,1
MAMA SERVICE,CPN,1,1
PAPAYA,CPN,1,1
HCT LANGUAGE SCHOOL,CPN,1,1
THE BEAUTY BOUTIQUE,CPN,1,1
SHOKZ,CPN,1,1
SIRENA,CPN,1,1
TOP CHAROEN,CPN,1,1
EDEN JEWELRY,CPN,1,1
TALING PLING,CPN,1,1
YAMASA CHIKUWA,CPN,1,1
KORIKORI CAFÉ,CPN,1,1
THAI PERFUME,CPN,1,1
BY MIN,CPN,1,1
SUPER MODEL,CPN,1,1
BANANA VISION,CPN,1,1
ECHOLAC,CPN,1,1
KUAYTIEWTOMYUMPLASENYENTAFO,CPN,1,1
DEBLU HEALTHY WALK,CPN,1,1
IT HUB,CPN,1,1
MUSO,CPN,1,1
KHUN PO KHANOM THAI,CPN,1,1
DIGITAL CAFÉ,CPN,1,1
BIGTOKYO BY COCOABAR,CPN,1,1
THAI BRASSERIE BY BLUE ELEPHANT,CPN,1,1
GLUAY NAM WAH,CPN,1,1
QUEEN BEAUTY,CPN,1,1
MISTER LOBSTER,CPN,1,1
SUDJAI,CPN,1,1
OSAKA,CPN,1,1
SOFUTO CREAM,CPN,1,1
ANN&BRA,CPN,1,1
GIANT BAII FISH BOMB,CPN,1,1
SIAM GOLD MAETHONGSUK,CPN,1,1
YUZU HOUSE,CPN,1,1
EPS DESIGN,CPN,1,1
PUDTHAISAWOIE,CPN,1,1
LELE JUICE BAR,CPN,1,1
โรงเรียนสอนภาษาจงไทยทอง,CPN,1,1
VIRGIN SQUEEZE,CPN,1,1
MUTEKI BY MUGENDAI,CPN,1,1
GRUMPY,CPN,1,1
SAMSUNG SERVICE,CPN,1,1
JO MALONE LONDON,CPN,1,1
PETCH KANCHANA,CPN,1,1
TAK KRAPHRAO THAT YAK,CPN,1,1
POST MAIL BOX,CPN,1,1
TUNE MOBILE,CPN,1,1
MIDNIGHT KAI TON PRATU NAM,CPN,1,1
HOBS HOUSEOFBROS,CPN,1,1
CHUAN KITCHEN,CPN,1,1
INSTA360,CPN,1,1
FRENCH KITSCH CAFE' PROJECT,CPN,1,1
AROIDEE,CPN,1,1
TENNO SUSHI,CPN,1,1
VIVO EFFECTIVE,CPN,1,1
SHUYI,CPN,1,1
KARAOKE FANTASY,CPN,1,1
KRAPHRAO TARD BORAN,CPN,1,1
MUSCLE INC.,CPN,1,1
BEAUTY LOK,CPN,1,1
KAMU,CPN,1,1
TUMNHAKAO,CPN,1,1
PUNGSIAM,CPN,1,1
HATYAI HALL,CPN,1,1
MONOTONE,CPN,1,1
BANGKOK MUSIC INSTITUTE CENTRAL PLAZA GRAND RAMA 9,CPN,1,1
DUTY BRAND,CPN,1,1
ERMENEGILDO ZEGNA,CPN,1,1
MINI KIDZOOONA,CPN,1,1
S&S TIME SERVICE,CPN,1,1
TT. MOBILE,CPN,1,1
RUNGSANGKAOMUNKAI,CPN,1,1
BLUESTEAKHOUSE,CPN,1,1
ARCOVA,CPN,1,1
HUG MOBILE,CPN,1,1
FOO FLAVOUR,CPN,1,1
CROWN CHRONO,CPN,1,1
MONTRA HEALTH & SPA,CPN,1,1
ครัวเกษศร,CPN,1,1
THE ART WEDDING,CPN,1,1
OUTDOOR BOTANICA,CPN,1,1
AOM KA TUNG,CPN,1,1
LUNA,CPN,1,1
YACCO MARICARD,CPN,1,1
JOLI SNOB,CPN,1,1
FA GLASS,CPN,1,1
MILADI,CPN,1,1
EGG OPTICAL BOUTIQUE,CPN,1,1
PANG CHA BY LUKKAITHONG,CPN,1,1
JISON CLINIC,CPN,1,1
HOT POT INTER BUFFET,CPN,1,1
TEAWZEEFOUR,CPN,1,1
LAMER,CPN,1,1
ARAMIS,CPN,1,1
SAP SA-DET,CPN,1,1
ONE 2 PHONE,CPN,1,1
APEX MEDICAL CENTER,CPN,1,1
MITH BANGKOK,CPN,1,1
PLACELL,CPN,1,1
OHKAJHU,CPN,1,1
MOUTEA TOTAE,CPN,1,1
BAANBENJARONG PAI,CPN,1,1
I CENTER,CPN,1,1
EDO SOFT,CPN,1,1
ITEM BY JAYMART,CPN,1,1
KODAWARI,CPN,1,1
WEEKEND STUDIO,CPN,1,1
CARLO BASANO,CPN,1,1
TOPTOY,CPN,1,1
NEW CUTE,CPN,1,1
SHABU JUNG,CPN,1,1
FANCY ICE,CPN,1,1
CASE DUCK,CPN,1,1
SAFARI BY KIDZOOONA,CPN,1,1
PIE STORE,CPN,1,1
ROLEX AT NAMSAWANG,CPN,1,1
RECYCLE DAY,CPN,1,1
LEICA,CPN,1,1
EVERBEST,CPN,1,1
LOVE TIME & COMPUTER SERVICE,CPN,1,1
CK,CPN,1,1
PLOEN POONG,CPN,1,1
PUIKENGMUNGSAWIRAT,CPN,1,1
AUGUSTINUS BADER,CPN,1,1
CHEFU TOWN,CPN,1,1
NARA BRANDNAME,CPN,1,1
SMOOTHIE JUICY,CPN,1,1
BE ME,CPN,1,1
NIKO'S DOG CAFE,CPN,1,1
IT'S HAPPENED TO BE A FOX PRINCESS + FRIENDS ITALIAN CAFE,CPN,1,1
IRON PAN,CPN,1,1
SUB-ZERO ICE SKATE CLUB,CPN,1,1
ORTHO SMILE CENTRAL STUDIO,CPN,1,1
AQUAFLASK,CPN,1,1
KHUNNAI KHAWMANKAI BY PP,CPN,1,1
KYODAI,CPN,1,1
MERRICH CLINIC,CPN,1,1
CALBEE KAITSUKA,CPN,1,1
CROISSAINT TAIYAKI BY SNOW CLOUDY,CPN,1,1
SOMTAM KI YANG KHEA SUAN KWANG,CPN,1,1
MATH HOUSE LEARNING CENTER,CPN,1,1
MOBIZZ,CPN,1,1
PECTH PLOY MANEE PHAN,CPN,1,1
BUBBLE FAMILY,CPN,1,1
BKK TIME SERVICE,CPN,1,1
OUTDOOR,CPN,1,1
NAMNAM PASTA AND TAPAS,CPN,1,1
PUNG SIAM,CPN,1,1
BEAR BEAR BEAR,CPN,1,1
ENDU FIX,CPN,1,1
ARTIFACT,CPN,1,1
SUPER,CPN,1,1
CROSS,CPN,1,1
RAN KUAITIAO CHAOSUA PHOT NA,CPN,1,1
HIFUTURE,CPN,1,1
MELROSE,CPN,1,1
JHAKKRAWAN SALON,CPN,1,1
BIG BASIL TRAY,CPN,1,1
BERSHKA,CPN,1,1
DENMAN,CPN,1,1
KHONGKWAN BY AURORA,CPN,1,1
PUNGKI KUAY TEAW RUEA,CPN,1,1
LALIL,CPN,1,1
DENTIST @ BEACH,CPN,1,1
KHRUA PANYAPAT,CPN,1,1
MINDHAIR,CPN,1,1
SANYOD WOK,CPN,1,1
ING TAAN THAIMASSAGE,CPN,1,1
CHUAN CHIM,CPN,1,1
COPPER 9,CPN,1,1
ANYAMANEE,CPN,1,1
PHOENIX,CPN,1,1
KHANOMWHAN,CPN,1,1
TIMEX,CPN,1,1
JJAMBBONGGA,CPN,1,1
THE EXCLUSIVEPLUS CLINIC,CPN,1,1
KARADA,CPN,1,1
CHARLOTTE'S GEMS,CPN,1,1
MIRABEL SKIN CLINIC,CPN,1,1
KUAI CHAP DAMNOENSADUA,CPN,1,1
PLAY BOY,CPN,1,1
IM AROI KUAI TIAO KAI,CPN,1,1
NY.LA,CPN,1,1
KOREADONG,CPN,1,1
DAILY PHONE,CPN,1,1
PHOTOPHONE,CPN,1,1
PASTEL,CPN,1,1
ELIE SAAB,CPN,1,1
DT BKK,CPN,1,1
LEENA,CPN,1,1
GRILLICIOUS BY BEIRUT,CPN,1,1
SALE PHONE,CPN,1,1
I SERVICE MAC,CPN,1,1
THONG YAOWARAJ,CPN,1,1
R.O.X,CPN,1,1
MIDNAIHAITON,CPN,1,1
ของขวัญ,CPN,1,1
KAOKLUKNAMPRIK MAEKANYA,CPN,1,1
OAK BERRY,CPN,1,1
KISEKI,CPN,1,1
DD PHONE,CPN,1,1
CHALAENG MASSAGE,CPN,1,1
WOULD YOU LOVE IT,CPN,1,1
UPRISE,CPN,1,1
BANN SABAI,CPN,1,1
@THREE,CPN,1,1
OH RICH THAILAND,CPN,1,1
TSUTA,CPN,1,1
YIM BY SMILE PHONE,CPN,1,1
PISSAMAI COFFEE,CPN,1,1
JOCKEY,CPN,1,1
SF KAO KAI JIEOW,CPN,1,1
MARSHMELLOW,CPN,1,1
INTER PHONE,CPN,1,1
INLOVE,CPN,1,1
KAWPHADKATALEK,CPN,1,1
THE CHARIS,CPN,1,1
TELEWIZ PLUS,CPN,1,1
VENITA PHONE,CPN,1,1
NEUATUNJUNGPET,CPN,1,1
PAZZION,CPN,1,1
APPLESHEEP,CPN,1,1
MOMOYO,CPN,1,1
BRANDS OUTLET,CPN,1,1
KA MOO HONG TAY,CPN,1,1
KOMONOYA,CPN,1,1
THE ESQUIRE BARBER,CPN,1,1
KA REE PUP MAE SO PA,CPN,1,1
INTOYS,CPN,1,1
SUSHI LIKE,CPN,1,1
B&W,CPN,1,1
@MEDICAL CLINIC BY หมอไก่,CPN,1,1
BAGGU BAG&SHOE SPA,CPN,1,1
JAMES KEY SERVICE,CPN,1,1
PRAIRAYA SIGNATURE,CPN,1,1
THE ESQUIRE BARBER CLUB,CPN,1,1
JOK โต๊ะเดียว,CPN,1,1
CHACOAL STEAK BY SKYLUCK,CPN,1,1
MT. SAPOLA,CPN,1,1
SALAPAO KOOUAN,CPN,1,1
PLAY GROUND,CPN,1,1
GRAM CAFE & PANCAKES,CPN,1,1
เนื้อคู่,CPN,1,1
SIRACHA HALL,CPN,1,1
ADVICE DISTRIBUTIONS,CPN,1,1
ข้าวเหนี่ยวมะม่วงแม่ใหม่,CPN,1,1
CHUBBY DOUGH,CPN,1,1
UMCHOO MOBILE,CPN,1,1
WAN JEWELRY,CPN,1,1
MILCH,CPN,1,1
ELIXIR,CPN,1,1
DUANG SADTREE,CPN,1,1
FOTO BOOTH,CPN,1,1
SUDATAMSANG,CPN,1,1
NARA GEMS,CPN,1,1
DISAYA,CPN,1,1
BLUE LIGHT,CPN,1,1
TEXAS CHICKEN,CPN,1,1
BMA EXPRESS SERVICE,CPN,1,1
SOLSOT,CPN,1,1
KHANOMJEEN NAMYA SEEPHAK,CPN,1,1
KING KONG,CPN,1,1
NONTICHAKANOMWAN,CPN,1,1
BANGKOK NAIL,CPN,1,1
KORIYA,CPN,1,1
MARIO LAND,CPN,1,1
BEYOND FITNESS,CPN,1,1
RAGAZZE 1984,CPN,1,1
MARHENJ,CPN,1,1
GUAY TIEOW REUA RA YONG,CPN,1,1
LOREAL,CPN,1,1
MOLLY TEA,CPN,1,1
CHACO,CPN,1,1
GODFATHER,CPN,1,1
ตำมั่ว แจ่วฮ้อน,CPN,1,1
GEAIHOMUY,CPN,1,1
TEAW PED MUNG CHON,CPN,1,1
CHARRIOL,CPN,1,1
THAIPOST OFFICE,CPN,1,1
SUPER KANG HED,CPN,1,1
SEIRYU SUSHI,CPN,1,1
RADI SUKI BANGKOK,CPN,1,1
GUY LAROCHE | LOF-FI-CIEL,CPN,1,1
NICE PHONE,CPN,1,1
KOKO,CPN,1,1
VOCALIZE - SINGING ACADEMY BY KRU FASAI,CPN,1,1
PAÑPURI,CPN,1,1
AIAOON,CPN,1,1
KHUNLUANG MASS,CPN,1,1
LUZERN CLINIC,CPN,1,1
KASIKORNBANK,CPN,1,1
NANGNAI,CPN,1,1
FAMILY MART,CPN,1,1
NAMPRIKKAIJEAWKHUNKAEW,CPN,1,1
NXN TECHNOLOGY,CPN,1,1
แทนรัก,CPN,1,1
PAIBOON CURTAIN,CPN,1,1
AMAZFIT,CPN,1,1
POLO CLUB,CPN,1,1
SHAKARIKI 432,CPN,1,1
WINE CONNECTION DELI & BISTRO,CPN,1,1
MYEONGRYUN JINSA GALBI,CPN,1,1
FARM DESIGN,CPN,1,1
POR POCHANA GUAY JUB,CPN,1,1
DONNA CHANG,CPN,1,1
THE GADGET,CPN,1,1
YADA AESTHETIC CLINIC,CPN,1,1
NANPHRIK CINDA,CPN,1,1
BLUE GOLD ROASTER SPECIALTY,CPN,1,1
MAI NGAM THAI MASSAGE,CPN,1,1
EL GAUCHO ARGENTINIAN STEAKHOUSE,CPN,1,1
GAZE,CPN,1,1
MEGA CINEPLEX,CPN,1,1
GIFT HOUSE,CPN,1,1
SENSE BY SOS,CPN,1,1
SEE FAH,CPN,1,1
วัวกิว,CPN,1,1
7-ELEVEN,CPN,1,1
MILLION SHOP,CPN,1,1
LAM TAE TAE AR HAN NEUA,CPN,1,1
SAYAM AMPHAWA,CPN,1,1
SUGARLESS,CPN,1,1
P&F SMOOTH LIFE,CPN,1,1
CHUCKY FRESH,CPN,1,1
STORE CUTE,CPN,1,1
TTN,CPN,1,1
CHICKEN RICE (HAINAN),CPN,1,1
TOMMY UNDERWEAR,CPN,1,1
MONKEY MEAL,CPN,1,1
POWER CASE,CPN,1,1
MAGO FOOTWEAR,CPN,1,1
VACRAZY,CPN,1,1
I LOVE FRUIT,CPN,1,1
ABOUT SOCK BY JONY,CPN,1,1
WAFFLE HOUSE,CPN,1,1
MA LA AROI SA,CPN,1,1
TOP MOBILE,CPN,1,1
COFFEE TIME,CPN,1,1
BILLABONG,CPN,1,1
HEALTHY FACE CLINIC,CPN,1,1
CHAENG WATTANA THE GOVERNMENT CENTER,CPN,1,1
K-TOP EDUCATION,CPN,1,1
TOPOLOGIE,CPN,1,1
VIORA,CPN,1,1
FRIEND IT,CPN,1,1
PANDA KING,CPN,1,1
CHAO DOI COFFEE & BUBBLE TEA,CPN,1,1
CHEEVA SOM RETREAT,CPN,1,1
ODC DENTAL CLINIC,CPN,1,1
DIAMOND HOUSE,CPN,1,1
LIGOR,CPN,1,1
SOMBOON SEAFOOD,CPN,1,1
ILY-I LIVE YOUNG,CPN,1,1
CIMB,CPN,1,1
LUERJAI,CPN,1,1
CENTRAL EDITION,CPN,1,1
KHA MU SEN LUI,CPN,1,1
OWN DAYS,CPN,1,1
KUAYTEAW CHAAIKLONGHONGNIGHT,CPN,1,1
HI PHONE,CPN,1,1
QUICK PRINT,CPN,1,1
TOYS FAMILY,CPN,1,1
JIB COMPUTER,CPN,1,1
JFOURT,CPN,1,1
FOOTWEAR BY DAPPER,CPN,1,1
HOSHI JAPANESE RESTAURANT,CPN,1,1
KAM'S ROAST GOOSE,CPN,1,1
SMILE POST,CPN,1,1
JEAN PAUL GAULTIER,CPN,1,1
ALL COCO,CPN,1,1
DEEGEE,CPN,1,1
THE COFFEE CLUB,CPN,1,1
ROS'NIYOM,CPN,1,1
WATCH STATION PLUS,CPN,1,1
LOCK SMIT SERVICE,CPN,1,1
SOMTAMPAAOUN,CPN,1,1
TANK STORE,CPN,1,1
KOJI CHA,CPN,1,1
HACK BEAUTY LAB,CPN,1,1
MANWOOD,CPN,1,1
ENZO RECLINER,CPN,1,1
DIGILIFE,CPN,1,1
THE CLOZET,CPN,1,1
NARAI PIZZERIA,CPN,1,1
CONTAINER,CPN,1,1
PAWIS,CPN,1,1
KAKASHI,CPN,1,1
MOTTA X MONTIPA,CPN,1,1
GADGET,CPN,1,1
HERO GADGET,CPN,1,1
EYE DESIGN,CPN,1,1
LYN BEAUTY,CPN,1,1
GOKHAI CANDY LAND,CPN,1,1
LUNGHOITIENLAO,CPN,1,1
CLASSIC SHOP,CPN,1,1
LADIE SPEED,CPN,1,1
FLOURISHZ,CPN,1,1
SCOOZI PIZZA,CPN,1,1
FLEUR CLASIQUE,CPN,1,1
DE NAIL,CPN,1,1
TIEWKHUNCAI,CPN,1,1
KOREADONG THAILAND,CPN,1,1
SAKAI LAK,CPN,1,1
ANGELINO RUFOLO,CPN,1,1
ISSEY MIYAKE TIMEPIECE,CPN,1,1
MEZZO,CPN,1,1
HAVE A ZEED BY STEAK LAO,CPN,1,1
ARCHIVE,CPN,1,1
CHAKAFAIR,CPN,1,1
OUTDOOR SPORT,CPN,1,1
MULBERRY,CPN,1,1
PIYO MOBILE,CPN,1,1
MAKAI AÇAÍ & SUPERFOOD BAR,CPN,1,1
JS PHONE,CPN,1,1
LOCKNLOCK,CPN,1,1
THAILIFE,CPN,1,1
KUAICHAPDAMNOENSADUAK,CPN,1,1
KWANJAIPUDTHAIHOYTOD,CPN,1,1
KHAMU CHAO YUTCHAK,CPN,1,1
CANTON PARADISE,CPN,1,1
JAPJAPTIEYKAIMARA AND KHAOMUNKANG,CPN,1,1
PLAYMONDO/PLAYSQUARE,CPN,1,1
CLIO,CPN,1,1
B.BURNT,CPN,1,1
ELLE HOMME,CPN,1,1
DREAMDESK,CPN,1,1
STEAKBETASTY,CPN,1,1
LALUNE,CPN,1,1
REST N GO,CPN,1,1
CHIANGMAI ICE ARENA,CPN,1,1
CHEN CHUAN CHIM LANG HOITHIANLAO,CPN,1,1
CESAR MOBILE,CPN,1,1
ELIZABETH,CPN,1,1
SHITORI,CPN,1,1
SOMPHONGKHAOMOK,CPN,1,1
YING MOBILE,CPN,1,1
XIMI,CPN,1,1
PASTEL CREATIVE WEAR,CPN,1,1
FREDERIQUE CONSTANT,CPN,1,1
THANYANAN,CPN,1,1
DINOS DRUM,CPN,1,1
LONGNIES,CPN,1,1
CORUM,CPN,1,1
51 TALK,CPN,1,1
SLAMMERS,CPN,1,1
KHREP YAK SAI THALAK,CPN,1,1
MUAY THAI 2,CPN,1,1
NYX,CPN,1,1
SF KHAWKAIJEAW BY KHUNPOM,CPN,1,1
SUMMERLOVE AND CO,CPN,1,1
AGENT PROVOCATEUR,CPN,1,1
MY BOXZ,CPN,1,1
K-MOBILE PHONE,CPN,1,1
POOTUMYOMSAAP,CPN,1,1
JERICHO,CPN,1,1
TT ON MOBILE,CPN,1,1
ZABBEILI,CPN,1,1
GELATONI,CPN,1,1
CHANTHABURI CINEPLEX,CPN,1,1
BAAN PUYING,CPN,1,1
PORTO HOUSE BY RIDER CAFÉ,CPN,1,1
BRITISH INDIA,CPN,1,1
KAMOOJAKAPAK,CPN,1,1
LA BRUKET,CPN,1,1
NAMI DESSERT & COFFEE,CPN,1,1
THONGBAI JEWELRY,CPN,1,1
PHC CLINIC,CPN,1,1
AUDREY,CPN,1,1
KAPI SATOR,CPN,1,1
CATWALK BY KOH-TUN,CPN,1,1
YAOWARAT GOLD SHOP,CPN,1,1
HOLLYWOOD,CPN,1,1
HAPPY JUICING,CPN,1,1
CHARNA,CPN,1,1
สถาบันรับรองและตรวจสอบวัตถุมงคลประเทศไทย,CPN,1,1
EDELWEISS,CPN,1,1
MIDO POP UP STORE,CPN,1,1
BLOSSOM NAILS,CPN,1,1
HOT TOD GRA TA RON KRUA NAI NA,CPN,1,1
LIBO CLOSET,CPN,1,1
WITH IT / HIGH SCHOOL,CPN,1,1
HELLO YOGURT,CPN,1,1
WET BRUSH,CPN,1,1
MANGO SIX CLOTHING,CPN,1,1
BA MEE FAN CHUAN,CPN,1,1
POLO WORLD,CPN,1,1
HARBINGER,CPN,1,1
PREMIUM GOLDS YAOWARAT,CPN,1,1
THE BEST GEMS,CPN,1,1
KANNIKAR MASSAGE,CPN,1,1
TOMMY JEANS,CPN,1,1
MAJIME,CPN,1,1
OTTERI WASH & DRY,CPN,1,1
HONOHO,CPN,1,1
CASEHARDEN,CPN,1,1
LIYA,CPN,1,1
PAUL FRANK,CPN,1,1
ROYDEEKAITODHATYAI,CPN,1,1
CHLOE,CPN,1,1
GLAMME CLINIC,CPN,1,1
J&J,CPN,1,1
ARAMO AROMA,CPN,1,1
I-GENIUS KIDS,CPN,1,1
HORNOR,CPN,1,1
ห้างทองเซ่งเฮงเยาวราช,CPN,1,1
TRUST UNITED CLINIC,CPN,1,1
KING CHIEF,CPN,1,1
ROYAL IVY REGATTA (RIR),CPN,1,1
PRO GADGETS,CPN,1,1
AMADKUAYTEAWISLAM,CPN,1,1
CLUB 21 COLLECTION,CPN,1,1
RADIANCE JEWELRY,CPN,1,1
DR. TAT OFF & HAIR REMOVAL LASER CLINIC,CPN,1,1
CHAZEN,CPN,1,1
อันเกิม อันก๋า,CPN,1,1
GUAY JAP SA YAM,CPN,1,1
LOFT 81,CPN,1,1
RCN,CPN,1,1
HALEESUSHI,CPN,1,1
EMPEROR DIAMOND,CPN,1,1
KING'S COLLEGE,CPN,1,1
SHINO MASSAGE,CPN,1,1
ME-STYLE,CPN,1,1
IM AROI KAPRAO THAD,CPN,1,1
CHAGEE,CPN,1,1
OLIVIA DIAMONDS,CPN,1,1
LAMEOW,CPN,1,1
DOLCHANOK,CPN,1,1
ANRI BAKERY,CPN,1,1
PRO.TIME,CPN,1,1
PICO,CPN,1,1
ARI RUNNING CONCEPT STORE,CPN,1,1
SENDAI,CPN,1,1
PUI KENG MANGSAWIRAT,CPN,1,1
ศูนย์หม่อนไหม,CPN,1,1
KOBE STEAK,CPN,1,1
EXPERT WATCH,CPN,1,1
HECHTER,CPN,1,1
IYAPANGNOM,CPN,1,1
AJC JEWELRY CARE CENTER,CPN,1,1
THE CASSETTE MUSIC BAR,CPN,1,1
IT ALL FILM,CPN,1,1
SKG,CPN,1,1
SWEET SECRET CROISSANT,CPN,1,1
ZERO KCAL XKALAMARE,CPN,1,1
FOTOYA,CPN,1,1
BOONTAWEE,CPN,1,1
STACCATO,CPN,1,1
CLADIA KLEID,CPN,1,1
HINANESE CHICKEN RICE,CPN,1,1
THE RICHEST EXCHANGE2,CPN,1,1
PERFECT NAIL,CPN,1,1
GINGER FARM KITCHEN,CPN,1,1
TOMDICK SHOP,CPN,1,1
EDU FIRST,CPN,1,1
CHILLI CHIC,CPN,1,1
F1,CPN,1,1
WINE CONNECTION BISTRO,CPN,1,1
ITALIAN OSTERIA,CPN,1,1
S.B. DESIGN SQUARE,CPN,1,1
KIDS NINETY9,CPN,1,1
YOUANDME BY SINGTO,CPN,1,1
NAIL CARE,CPN,1,1
LONGCHAMP,CPN,1,1
CHARISSE,CPN,1,1
IKON,CPN,1,1
MILK KIDS' SALON&NAIL,CPN,1,1
FLASH NAIL,CPN,1,1
JOUSSE,CPN,1,1
ONGTONG,CPN,1,1
CHEAP AND CHIC,CPN,1,1
ARHARNTAMSANGCHORNTONG,CPN,1,1
ก๋วยเตี๋ยวต้มยำแม่บูญช่วย,CPN,1,1
KUMI,CPN,1,1
MONSTERS GAMESTATION,CPN,1,1
NEPP STUDIO BY โกดังผ้า,CPN,1,1
THE SPELL CLINIC,CPN,1,1
ELVIRA,CPN,1,1
VALENTINO,CPN,1,1
CHABAR,CPN,1,1
SATANG POON,CPN,1,1
TOR TUM SOM TUM INDI,CPN,1,1
RACHAKUAYTEAWPED,CPN,1,1
SANSOOK DENTAL CLINIC,CPN,1,1
KETY SMILE,CPN,1,1
BANGKOK LATEX,CPN,1,1
FUSION,CPN,1,1
BAAN KRONG NAM,CPN,1,1
TITANIA,CPN,1,1
HASHTAG956,CPN,1,1
LEXON,CPN,1,1
ข้าวมันไก่ไก๊ฟ่าน,CPN,1,1
VERASU,CPN,1,1
SUNNIES,CPN,1,1
AUNWAYENTAFO,CPN,1,1
NANYUAN NOODLE,CPN,1,1
PHUENNUKGUITAR,CPN,1,1
SOLITAIRE,CPN,1,1
PHOENIX LAVA,CPN,1,1
LOOKCHINPLAMAN A,CPN,1,1
GLASSIQ,CPN,1,1
NAKAMA CAFE,CPN,1,1
ETUDE,CPN,1,1
MELISSA JELLY DREAMS,CPN,1,1
AESOP,CPN,1,1
IMAGE OPTICAL,CPN,1,1
CONCEPT,CPN,1,1
KARDINA ANDRIA,CPN,1,1
JAITHUENG,CPN,1,1
EASY LAUNDRY,CPN,1,1
100 DEGREES,CPN,1,1
CLICK ROBOT,CPN,1,1
DANDY COSMO,CPN,1,1
YES I AM,CPN,1,1
JUST IN CASE BAGS,CPN,1,1
BORA BEAUTY SALON,CPN,1,1
PORNTIP JEWELRY,CPN,1,1
MR.KAO,CPN,1,1
QUEENSWAY,CPN,1,1
PHIN RIM KHONG,CPN,1,1
TUM TUM ZAPP CAFE,CPN,1,1
ร้านเพชรคุณฝัน,CPN,1,1
EMBRYOLISSE,CPN,1,1
DAIDOMON,CPN,1,1
NARA THAI CUISINE,CPN,1,1
BOWCAKE HOMEMADE,CPN,1,1
CHANON TIME SERVICE,CPN,1,1
POLARBOLL,CPN,1,1
KOUEN SUSHI BAR,CPN,1,1
OYSHO,CPN,1,1
SEOUL HERE,CPN,1,1
THONGYOY CAFE,CPN,1,1
DE BEAUTE PARIS,CPN,1,1
KWC CLINIC,CPN,1,1
NEXT GEN BARBER CLUB,CPN,1,1
ANNA CLINIC,CPN,1,1
VITAMIN,CPN,1,1
YOU NAILED IT,CPN,1,1
NAGARA BEACH CLUB,CPN,1,1
NAITOR PADTHAIHOITOD,CPN,1,1
KRA PHRAO THAT BY KHRUA PHRIK SOT,CPN,1,1
PASO,CPN,1,1
กินคลีนอยู่ดี,CPN,1,1
JOE MOBILE,CPN,1,1
NITTAYA KAI YANG,CPN,1,1
SENSO,CPN,1,1
CHOSITA,CPN,1,1
IMAX,CPN,1,1
NOOYOO,CPN,1,1
YIMWHAN DENTAL CLINIC,CPN,1,1
ตู้รองเท้าอลูมิเนียมกันน้ำปลวก100%,CPN,1,1
EVISU GENES,CPN,1,1
DUPONT,CPN,1,1
PANKRACHAKUYTEAWKAI,CPN,1,1
BOSS TIME,CPN,1,1
MR. BUN,CPN,1,1
MAE MI KHAOSOI,CPN,1,1
MAE THONGBAI,CPN,1,1
KA PHOW THAD,CPN,1,1
FUN PLANET,CPN,1,1
NAKHON RATCHASIMA PROVINCE TRANSPORT,CPN,1,1
AURORA DIAMOND,CPN,1,1
MONGKOL KUAITIAOKAI,CPN,1,1
K.J.MOBILE,CPN,1,1
MIGHTY CAFÉ,CPN,1,1
HER HYNESS,CPN,1,1
KIANI,CPN,1,1
PARIS MIKKI,CPN,1,1
PERFECT OFFICE,CPN,1,1
PRIME BURGER,CPN,1,1
I DIN KLIN KROK,CPN,1,1
UBON COMPUTER,CPN,1,1
MANY YEARS,CPN,1,1
KOREA THINKS LIKE,CPN,1,1
SONG FA BAK KUT TEH,CPN,1,1
HONG BAO,CPN,1,1
SLEEPING CLOUD,CPN,1,1
LOJEL,CPN,1,1
J&D MOBILE SERVICE,CPN,1,1
KAAOSOILUMDUANFARHAAMCHANGMAI,CPN,1,1
BSAB,CPN,1,1
NEW CITY BKK,CPN,1,1
KUDOS,CPN,1,1
SPORTSWORLD,CPN,1,1
MOM'S TOUCH,CPN,1,1
YUZU HOUSE BY HONEY MONI,CPN,1,1
NC SHOP,CPN,1,1
ครัวบางนา,CPN,1,1
ON CAFE',CPN,1,1
DRIED BANANA CHIPS,CPN,1,1
GOLF CHALENGE,CPN,1,1
VINTEL,CPN,1,1
KIN DI TAM SANG,CPN,1,1
ก๋วยเตี๋ยวเรือโวยวาย,CPN,1,1
P-4-VIVA,CPN,1,1
TUTOR HOUSE,CPN,1,1
NAKAMOL,CPN,1,1
ERAWAN GEMS,CPN,1,1
KANOMWAN MAILA,CPN,1,1
OBAGI MEDICAL,CPN,1,1
เซ็งซิมอี้ ลือลั่นสะท้านโลกันต์,CPN,1,1
TOONT CHA BOOM,CPN,1,1
KAOSOICHIANGMAI,CPN,1,1
SKECHERS CITY STORE,CPN,1,1
MEETING PRINT,CPN,1,1
I BEAT,CPN,1,1
RED CROISSANT,CPN,1,1
THE EDITOR'S MARKET,CPN,1,1
KUAYTIEW ANUSAWAREE,CPN,1,1
STAR MONEY,CPN,1,1
MAEWANG SUESARN,CPN,1,1
P&N SOCK,CPN,1,1
SAMSONITE BLACK LABEL,CPN,1,1
LER RICH WELLNESS CLINIC,CPN,1,1
IC BERLIN,CPN,1,1
I AM SWEETS,CPN,1,1
KOREA BRANDNAME,CPN,1,1
SIRINYA KANPIM,CPN,1,1
BUMBLEBEE CAFE,CPN,1,1
CHOKDEE LOTTERY,CPN,1,1
TSUJIRI,CPN,1,1
TIAN MI MI BY ขนมเปี๊ยะเฮียบหลี,CPN,1,1
GPR,CPN,1,1
TIME CLINIC,CPN,1,1
ABSOLUTE YOGA,CPN,1,1
LALUNE MACARON,CPN,1,1
EPIPHANY JEWELRY,CPN,1,1
NGG (ง้วนโกลด์ แอนด์ เจมส์),CPN,1,1
MUANGTHAILIFE INSURANCE,CPN,1,1
KIKI SARU,CPN,1,1
เคาน์เตอร์บริการไปรษณีย์,CPN,1,1
BEAR HOUSE,CPN,1,1
KHAO SOI BAN NUEA,CPN,1,1
CELI,CPN,1,1
D&D MOBILE,CPN,1,1
V2 WORLD,CPN,1,1
SUCHAT PHONE,CPN,1,1
KHAOMANKAI NAKHON LUANG,CPN,1,1
SINDOSEGI,CPN,1,1
LANA,CPN,1,1
KRAU PRINK WHAN,CPN,1,1
HI CHA,CPN,1,1
CRITICAL SLIDE,CPN,1,1
SEEK N KEEP CLUB,CPN,1,1
KAITUNMARAAYUTTAYA,CPN,1,1
ABOVE THE NAIL,CPN,1,1
WIROJ GEMS,CPN,1,1
LUKCHIN PING BORAN,CPN,1,1
THONGTHAWEECHAI 1,CPN,1,1
HD PHONE,CPN,1,1
TOM LURD MOO ROT DET,CPN,1,1
MAISON MARGIELA,CPN,1,1
B-SMART,CPN,1,1
PETCH PRADUP PLOY 1995,CPN,1,1
SLIMEVILLE,CPN,1,1
OUTLET BY CLUB 21,CPN,1,1
DERMALOGICA,CPN,1,1
KHUN CHAI BERRY,CPN,1,1
SEOUL STUDIO,CPN,1,1
CHIN GOLD&JEWELRY,CPN,1,1
KANOM BANN AYAKARN,CPN,1,1
KUTSUGEN BY TONKUTSU WAKO,CPN,1,1
LEATHER SOLUTE,CPN,1,1
DR.TATTOF CLINIC,CPN,1,1
JETTS FITNESS,CPN,1,1
STAR ELEPHANT,CPN,1,1
SUNISA,CPN,1,1
HIVE SALON & CAFE,CPN,1,1
UR THE,CPN,1,1
PAPILLON PARFUM,CPN,1,1
HANG THONG SENG HENG YAOWARAT,CPN,1,1
THAI TERRACE,CPN,1,1
BLOODY BUNNY,CPN,1,1
SWEET XODA,CPN,1,1
วัวล้วนๆ ไม่มีควายผสม,CPN,1,1
WELCARE,CPN,1,1
GUAYJAPYUAN,CPN,1,1
THE BARREL,CPN,1,1
BLOCKLAND,CPN,1,1
THE EXTRACTION,CPN,1,1
BA&SH,CPN,1,1
RADNAH HIAAOUN LHANGHOITEIANLAO,CPN,1,1
PORNKASEM,CPN,1,1
NIGHT@DAY,CPN,1,1
I-STYLE,CPN,1,1
SMILEY,CPN,1,1
KA MOO BO RAN KA THU,CPN,1,1
BANANA NAIL,CPN,1,1
NGAN PAK LUNG PIAK,CPN,1,1
JUICEANDCRAFT,CPN,1,1
LEE COOPER,CPN,1,1
HARMAN KARDON,CPN,1,1
JUBILEE & FOREVERMARK,CPN,1,1
SFERA,CPN,1,1
DADIA,CPN,1,1
D STUDIO,CPN,1,1
HOT POT BUFFET,CPN,1,1
NF PHONE,CPN,1,1
IT MOBILE,CPN,1,1
SACHIRAT JEWELRY,CPN,1,1
F-FASHION,CPN,1,1
SANE NAMPHRIK,CPN,1,1
KUAITIAORUEASINAKHON,CPN,1,1
KUAYJUBYUON,CPN,1,1
MY KID'S,CPN,1,1
BINGSU BAN BAN,CPN,1,1
TAOHUAYPEDDANG,CPN,1,1
HOKKAIDO BAKED CHEESE TART/ SECRET RECIPE,CPN,1,1
IMDEE KAOMUNKAI,CPN,1,1
BKK BY BANANA,CPN,1,1
SIMPLY W,CPN,1,1
อิงธารนวดไทย,CPN,1,1
PLOY,CPN,1,1
G&J JEWELRY,CPN,1,1
SEEK,CPN,1,1
APPLE PHONE,CPN,1,1
KANOMWAAN TAMJAI,CPN,1,1
CHATIER CLINIC,CPN,1,1
KRISPY KREAM,CPN,1,1
CHIANGMAI FLOWER,CPN,1,1
SKYRISE ADVENTURE,CPN,1,1
MATH CUTE,CPN,1,1
NUT @ ROLL,CPN,1,1
SLIM CONCEPT - MARIZA CLINIC,CPN,1,1
KHAO JAAN-PROD,CPN,1,1
NEO SUKI,CPN,1,1
KHA NOY KOR SHABU,CPN,1,1
KUAYTIEWPAOPAK,CPN,1,1
SINCHAROON,CPN,1,1
ACTTO,CPN,1,1
THONGSMITH,CPN,1,1
HOITORDINTER,CPN,1,1
VIRIYAH INSURANCE,CPN,1,1
EXPERT,CPN,1,1
ASAI KHRIM KATHI SOT MATHACHAI,CPN,1,1
WAGASHI ขนมญี่ปุ่น,CPN,1,1
BUA SHOP,CPN,1,1
IMMAGINI,CPN,1,1
LUIGI BATANI,CPN,1,1
DIAMOND SERVICE,CPN,1,1
KHAO-SO-I,CPN,1,1
AFFANFOODHALAL,CPN,1,1
KID'S EAT&PLAY,CPN,1,1
กายะจิต,CPN,1,1
KUAI CHAP YUAN SUT BORAN,CPN,1,1
ONE ACADEMY OF DANCE CENTRAL SI RACHA,CPN,1,1
KHAS,CPN,1,1
MAE VAREE,CPN,1,1
ANNA LAUNDRY,CPN,1,1
PHYTO,CPN,1,1
KOGORO KATSU,CPN,1,1
NOTERO MYBAND,CPN,1,1
HANG THONG TONGSUKDEE,CPN,1,1
HAIR WORLD,CPN,1,1
SUKISHI BUFFET,CPN,1,1
ZOJIRUSHI,CPN,1,1
GOGIDA,CPN,1,1
WUAGYU,CPN,1,1
ROLEX AT NGG TIMEPIECES,CPN,1,1
ECLIPSE,CPN,1,1
YONNY,CPN,1,1
KUAYJUBMORDINDAMNOENSADUAK,CPN,1,1
KHA MU CHAK PHANRA,CPN,1,1
FIRST TIME SERVICE,CPN,1,1
PANDALOOKCHINPLARABERD,CPN,1,1
PADTHAICHAOWANGTAWANDA,CPN,1,1
MARDI MERCREDI,CPN,1,1
BB TOYS,CPN,1,1
IFLIN BABY,CPN,1,1
ROVING FOX,CPN,1,1
PETCHPLOY BRAND,CPN,1,1
BEACH EATS,CPN,1,1
SKS,CPN,1,1
SARIN,CPN,1,1
KUAY JUB ANDAMAN,CPN,1,1
PLEUN PUNG CAFE,CPN,1,1
NITORI,CPN,1,1
JEWELRY CLINIC,CPN,1,1
AIA,CPN,1,1
DECK ME,CPN,1,1
ANTIDOTES,CPN,1,1
BOOK FRIEND,CPN,1,1
A LOT OF BOOK,CPN,1,1
OKAMI YAKINIKU BUFFET,CPN,1,1
SPEED GAMING,CPN,1,1
CHUTHA THIP,CPN,1,1
TUMSANUN,CPN,1,1
PADTHAIPANHIN,CPN,1,1
DR.MARTENS,CPN,1,1
YAMAHA,CPN,1,1
SE-ED BOOK,CPN,1,1
M&Y MOBILE,CPN,1,1
HOM,CPN,1,1
PRETTY FIT,CPN,1,1
D-VERSHOES,CPN,1,1
IPATT GADGET,CPN,1,1
RANCHARM,CPN,1,1
A1,CPN,1,1
YO MOBILE,CPN,1,1
SHEER BLISS,CPN,1,1
ยักษ์กระเพราถาด,CPN,1,1
MEET FRESH,CPN,1,1
PHONE FIX SERVICE,CPN,1,1
ILY,CPN,1,1
ROLEX AT PENDULUM,CPN,1,1
CLE DE PEAU BEAUTE,CPN,1,1
MAELUNARHARNTAMSUNG,CPN,1,1
PHONE CLUB,CPN,1,1
ROSNIYOM,CPN,1,1
LE COQ,CPN,1,1
SHAKE SHACK,CPN,1,1
KHAMOOJAOSAU,CPN,1,1
DOUBLE S,CPN,1,1
TANG TANG,CPN,1,1
ARTANI,CPN,1,1
ARISTOTLE BAG,CPN,1,1
THE KICK TAEKWONDO,CPN,1,1
LUKCHIN NAM SAI,CPN,1,1
IN CASE,CPN,1,1
LUSTAMPA,CPN,1,1
CHOK TOM LUEATMU,CPN,1,1
หลงใหล,CPN,1,1
TWG TEA,CPN,1,1
G H BANK,CPN,1,1
BAANMANGSAWIRAT,CPN,1,1
HANG THONG THAISOMBOON,CPN,1,1
JAEDAO TAMLAEK,CPN,1,1
MAKE A SMILE DENTAL CLINIC (MSDC),CPN,1,1
BOXXY TOYS,CPN,1,1
MINAMOTO KITCHOAN,CPN,1,1
HANG THONG KHUN HUA,CPN,1,1
LG,CPN,1,1
I-BRANDNAME,CPN,1,1
EASTMAN,CPN,1,1
BEVERLY HILLS,CPN,1,1
CHINESE CERAMIC,CPN,1,1
FPO,CPN,1,1
ไม้ด่าง,CPN,1,1
IMAROIARHARNTAMSANG,CPN,1,1
SOMTAMJEKAI,CPN,1,1
APHISET MASSAGE,CPN,1,1
ACTIKA,CPN,1,1
FOLLOW ME SHOP,CPN,1,1
ZABESARN 101,CPN,1,1
SERVICE PHONE,CPN,1,1
LE BIJOUX,CPN,1,1
MOGA,CPN,1,1
GMM LIVE HOUSE,CPN,1,1
THE PROUD CLINIC / THE PROUD WELLNESS,CPN,1,1
K323,CPN,1,1
KHAO KOOK NAM PRIK MUEANG YA,CPN,1,1
DIPTYQUE,CPN,1,1
T.WATCHES,CPN,1,1
TAANG HOO,CPN,1,1
NOURKUAYTIEWMOO,CPN,1,1
ANNE CLOTHING,CPN,1,1
BB PHONE,CPN,1,1
RICH,CPN,1,1
KUAITIAORUAEARISSARA,CPN,1,1
MALI KUAI CHAP YUAN,CPN,1,1
THONGLOR PET HOSPITAL,CPN,1,1
INNARI,CPN,1,1
PREMIER,CPN,1,1
FACTORY 1,CPN,1,1
KAM'S ROAST,CPN,1,1
CAT TELECOM,CPN,1,1
PETCHMONGKOL,CPN,1,1
HOME&LIVING,CPN,1,1
KAE DESIGN,CPN,1,1
ESCENT CONDO,CPN,1,1
DE RALPH CLINIC,CPN,1,1
BANK OF CHINA,CPN,1,1
PINTOPAKTAI,CPN,1,1
KANKATSU SUSHI,CPN,1,1
ZAB ZEED TEAW TOM YUM,CPN,1,1
FARMEENROTICHACCHUK,CPN,1,1
MUSIC STANDARD,CPN,1,1
KHAO SOI SARAPHI,CPN,1,1
IDEAL,CPN,1,1
PRAAO,CPN,1,1
FOODVILLE,CPN,1,1
DANCE SPACE & THE KICK SCHOOL BY ANT,CPN,1,1
LINDA,CPN,1,1
BELLY ROTI,CPN,1,1
EMPORIO DELL'ARTE,CPN,1,1
HOKKAIDO MILK,CPN,1,1
KAENG HET PHUEA SUKKHAPHAP,CPN,1,1
HADARA,CPN,1,1
MOBEL ART,CPN,1,1
KHAOKHAMU SEN LUI,CPN,1,1
NAPPAN,CPN,1,1
D&D,CPN,1,1
PREMIUM DIAMOND,CPN,1,1
CARLYN,CPN,1,1
SOMTAMKAIYANGKHAOSUANKWANG,CPN,1,1
AAPE BY A BATHING APE,CPN,1,1
YOU VEGETARIAN,CPN,1,1
CITRUS PHARMACY,CPN,1,1
SAMSAMUT MARKET,CPN,1,1
HAPPY PIG,CPN,1,1
KUAY TIEW BOHRAN SUKHOTHAI,CPN,1,1
MEEYAI STEAK ZEED,CPN,1,1
LAVILIER,CPN,1,1
TAR TIME,CPN,1,1
ICE MANIA,CPN,1,1
ADORE COSMETICS,CPN,1,1
MORI CUT,CPN,1,1
PANG SIAM 2515,CPN,1,1
GRAND IT,CPN,1,1
ACME DE LA VIE,CPN,1,1
KHAMOOJUKKAPAT,CPN,1,1
YUM ESY,CPN,1,1
PADTHAI HOYTODMAEKHRUEWAN,CPN,1,1
THE RITZ CLTNIC,CPN,1,1
ZWILLING,CPN,1,1
DILOK,CPN,1,1
GOKAIMOON SHOP,CPN,1,1
FOR YOU,CPN,1,1
ENT,CPN,1,1
"TOYS ""R"" US",CPN,1,1
SKECHERS OUTLET STORE,CPN,1,1
PROJECT HYPE BKK.,CPN,1,1
CAFE DE TU,CPN,1,1
HENG HOI TOD CHAO LAY,CPN,1,1
FANTACY SHOP,CPN,1,1
COMFORT ZONE,CPN,1,1
THE OPTICAL BY SRITHONG,CPN,1,1
PRAW SUGAR,CPN,1,1
CREPE A DAY,CPN,1,1
AT FIRST,CPN,1,1
FAM TIME,CPN,1,1
BEAUTY FARM,CPN,1,1
MC,CPN,1,1
KREAFUNK,CPN,1,1
EYE DEAR,CPN,1,1
SENSE OF BEAUTY,CPN,1,1
MAE NUN MU TUN,CPN,1,1
STRETCH ME BY LET'S RELAX,CPN,1,1
BELLE & SOFA,CPN,1,1
PASSION SKIN CLINIC,CPN,1,1
FRUZBERRY,CPN,1,1
LEMON FARM,CPN,1,1
BF MOBILE,CPN,1,1
MIRA CLINIC,CPN,1,1
KUAI CHAP NAKHON LUANG,CPN,1,1
EYE LEVEL LEARNING CENTER,CPN,1,1
ZABBE BYE CAT,CPN,1,1
FAST ACCOUNTING HUB,CPN,1,1
HYDRO FLASK,CPN,1,1
PHRA NAKORN NOODLE,CPN,1,1
BILIX,CPN,1,1
PARIT LANGUAGE SCHOOL,CPN,1,1
EXPRESSIONS,CPN,1,1
TRSC FAMILY EYE & VISION CLINIC,CPN,1,1
REGENT DIAMONDS,CPN,1,1
PANCAKE HOUSE,CPN,1,1
CRUZY THAILAND,CPN,1,1
HAIR WELL,CPN,1,1
SEOULCHON,CPN,1,1
HAVAYANAS,CPN,1,1
COPA CABANA,CPN,1,1
AM PHONE,CPN,1,1
VICTORIA BY COCOTTE,CPN,1,1
JUICY COUTURE,CPN,1,1
VIJITTRA'S JEWELRY,CPN,1,1
P.KAOPADPUTHONG,CPN,1,1
KAI JEOW CAFE,CPN,1,1
CEN SPACE,CPN,1,1
VIRGO COSMO MASSAGE & SPA,CPN,1,1
CHANA,CPN,1,1
YAM ZAPP LANG BAENG,CPN,1,1
KUAYTEAWRERVOYVAY,CPN,1,1
CHUMPOLKAOMUKAI,CPN,1,1
GRATIAE,CPN,1,1
LITTLE SPIDER & FRIENDS,CPN,1,1
MAGURO,CPN,1,1
ลูกก๊อ,CPN,1,1
KUAI TIAO RUEA WOIWAI,CPN,1,1
MERY STUDIO,CPN,1,1
KENSHIN IZAKAYA,CPN,1,1
SAMO ONDOH,CPN,1,1
HERSCHEL,CPN,1,1
ห้างทองทองคำเยาวราช,CPN,1,1
GREYHOUND,CPN,1,1
SUT TANG RAK,CPN,1,1
GUAYTIEWRUAR LANTAPHIEN,CPN,1,1
PERA GEMS,CPN,1,1
SANTA MONICA DINER - MEDITERRANEAN AND CALIFORNIAN,CPN,1,1
CDS,CPN,1,1
MIDNIGHT KAITON,CPN,1,1
SOFAS,CPN,1,1
BABIE GENIUS,CPN,1,1
KHAO MOO KROB NAI KONG,CPN,1,1
TALALUK,CPN,1,1
RADNAHJERAT,CPN,1,1
CHONGJAROEN,CPN,1,1
ECLAIRE,CPN,1,1
FON MOBILE,CPN,1,1
MAE YAII BOAT NOODLE,CPN,1,1
ICEBATUABC.,CPN,1,1
THE MARC JACOBS,CPN,1,1
HARUKI,CPN,1,1
RADNA40PEE SANCHOAPHOSUA,CPN,1,1
CHOM SHOP,CPN,1,1
TAM SARA PHAT,CPN,1,1
ONEDER,CPN,1,1
ART ART DESIGN,CPN,1,1
GYMBOREE,CPN,1,1
VALDUS CLINIC,CPN,1,1
SIMPLICITY,CPN,1,1
PARIS MIKI,CPN,1,1
CAMIN CUISINE & CAFE,CPN,1,1
ASA SERIVCES,CPN,1,1
FRAMES N LENSES,CPN,1,1
COCA,CPN,1,1
BACKBONE,CPN,1,1
BLACK SHARK CLINIC,CPN,1,1
PHAT THAI KHUN TOI,CPN,1,1
YO TA FEN BY KHRUA PHRIK SOT,CPN,1,1
DOCTOR DELIGHT CLINIC,CPN,1,1
KHAOKAENG IN TOE,CPN,1,1
EXCLUSIVE MOBILE,CPN,1,1
MONKEY SHAKE,CPN,1,1
TRUE SHOP,CPN,1,1
IMON FRUITS,CPN,1,1
HAIR GANIC,CPN,1,1
BATH&BODY WORKS / VICTORIA SECRET BEAUTY,CPN,1,1
KUNGGRAW PHONE,CPN,1,1
MAE NUAM KHAOKAENG DON WAI,CPN,1,1
RADNAWILAWAN,CPN,1,1
THE BEST,CPN,1,1
FROM SCRATCH,CPN,1,1
ASAVASOPON,CPN,1,1
ANCHALEE THAI DESSERT,CPN,1,1
LITTLE KIDS,CPN,1,1
SMART ROOM,CPN,1,1
KUAYTEAWRUERAYONG,CPN,1,1
HUB STATION 1,CPN,1,1
ATOM PHONE,CPN,1,1
OHHOMAPRAOPONNOMSOD,CPN,1,1
ROCKING KIDS,CPN,1,1
PAY,CPN,1,1
SALT // PEPPER,CPN,1,1
CITI,CPN,1,1
SATEK BI THET TI,CPN,1,1
VAVA FROZEN YOGURT,CPN,1,1
CASA LAPIN SPECIALTY COFFEE,CPN,1,1
GUSS DAM GOOD,CPN,1,1
YUM BOMB BY ELDER CAT,CPN,1,1
KUAYTIEWPLAKUNJUM,CPN,1,1
BB SERVICES,CPN,1,1
HANG THONG MAE MALEE,CPN,1,1
AMPHOR YIM,CPN,1,1
PHATARA GEMS,CPN,1,1
KANOMJEENBANMAETU,CPN,1,1
REV RUNNER,CPN,1,1
24 KILATES,CPN,1,1
NI ANG ASAI KHRIM KHAI KHAENG TALAT PHLU,CPN,1,1
KNUBOX,CPN,1,1
ONION,CPN,1,1
TIENG TONG NALIGA,CPN,1,1
NOVEMBER,CPN,1,1
TAKE A BAKE,CPN,1,1
CAROLINA LEMKE,CPN,1,1
FITNESS LIFESTYLE,CPN,1,1
DOTLIFE,CPN,1,1
LITTLE GLAM,CPN,1,1
NOODLEGARDEN,CPN,1,1
WATCH MANIA PROTECTION,CPN,1,1
SHOES STORY,CPN,1,1
NOKWEED MOBILE,CPN,1,1
MILAROSE,CPN,1,1
TAM NAN KUAYTIEW PLA PHUKET,CPN,1,1
PAUL FRANK / TOKIDOKI,CPN,1,1
KATE SPADE NEW YORK,CPN,1,1
LER CLAIRE CLINIC,CPN,1,1
BAGTASH,CPN,1,1
NAKLA MOOKATA,CPN,1,1
BANGKOK BOOTERY,CPN,1,1
ALL PHONE,CPN,1,1
TOCCO TOSCANO,CPN,1,1
CLICK GLASSES,CPN,1,1
PASSPORT OFFICE,CPN,1,1
21 BY AOOM,CPN,1,1
KHAMOOTROKSUNG,CPN,1,1
I FIXER,CPN,1,1
U R THE,CPN,1,1
SNOOWING,CPN,1,1
FIN DAY,CPN,1,1
YUM KHANOMJEEN SAB NUA,CPN,1,1
KUITEAWRUERUANTHAI,CPN,1,1
KHAWKARNG SUWANNAPHUM,CPN,1,1
MAKOTO & MR.ROBOT,CPN,1,1
K305,CPN,1,1
CHAI SI CHUT CHUT . KUAITIAO PAK MO PHANOM,CPN,1,1
SF KHAICHIAO BY KHUN POM,CPN,1,1
MORESS,CPN,1,1
YAMNAEMKLOOK,CPN,1,1
PS. I LOVE YOU BY PIMARA,CPN,1,1
AKA YAKINIKU,CPN,1,1
KINDITAMSAN,CPN,1,1
KANLAPAPHRUEK,CPN,1,1
ROYAL IVY REGATTA NEW ENGLANG,CPN,1,1
FOCUS CITY,CPN,1,1
SKINNYLICIOUS BY COFFEE BEANS BY DAO,CPN,1,1
LAB X CLINIC,CPN,1,1
GT KLOSET,CPN,1,1
RADNALANGHOYTIENLAO,CPN,1,1
JIENG LOOK CHIN PLA+KANOM-JEEN-BUFFET,CPN,1,1
GIFTSHOP AND POPTOY,CPN,1,1
NATAPOHN THAI DESSERT,CPN,1,1
CHEBBERS,CPN,1,1
LOCKIN,CPN,1,1
CHONGJAROEN GROOVE,CPN,1,1
BLACKBARRETT,CPN,1,1
AROIRIMRABIANG,CPN,1,1
PONN CAFE,CPN,1,1
FASHION AGENCY,CPN,1,1
LUXO'NE,CPN,1,1
GRISON,CPN,1,1
BERWICK,CPN,1,1
THE PROPERTY SHOP,CPN,1,1
GROW ON ME,CPN,1,1
HOVER AIR,CPN,1,1
PETCH GEMS,CPN,1,1
KIN JAPANESE BUFFET & RAMEN,CPN,1,1
BILLIONAILS,CPN,1,1
B&O,CPN,1,1
NAMPHRIK MAE NUAM DON WAI,CPN,1,1
BANANA RUN,CPN,1,1
MFC ASSET MANAGEMENT,CPN,1,1
SODA,CPN,1,1
FIRE PORK,CPN,1,1
TECHNOCOM,CPN,1,1
MR.S.SERVICE,CPN,1,1
SUKOY,CPN,1,1
THAT'S MANDARIN,CPN,1,1
MUANG NUAE,CPN,1,1
WHAT THE FISH,CPN,1,1
TIFFANY & CO.,CPN,1,1
GUAY TIEOW MAE DUANG,CPN,1,1
OHHOLOOKCHINGYAI,CPN,1,1
YUU,CPN,1,1
DOMINIC,CPN,1,1
BOW NU DEE,CPN,1,1
BABYSMILE GACHAPON,CPN,1,1
THE ICON MEDICAL CLINIC,CPN,1,1
LILY ROSE,CPN,1,1
PHA RUAI,CPN,1,1
MTS GOLD แม่ทองสุก,CPN,1,1
PHARMACARE PLUS,CPN,1,1
CENTARA LAUNDRY,CPN,1,1
PHOOM-JAI-THAI,CPN,1,1
MAMSA STONE,CPN,1,1
OLDMAN,CPN,1,1
YAMAHA MUSIC SHCOOL,CPN,1,1
BAGGAGE AND LUGGAGE,CPN,1,1
MIRACLE COFFEE,CPN,1,1
NICHIWORLD,CPN,1,1
LULULEMON,CPN,1,1
CRISPY CREPES X UME'CHA,CPN,1,1
PET YANG ROT DET,CPN,1,1
INGLOT,CPN,1,1
ROTI PHUKET,CPN,1,1
BRANDNAME.COM,CPN,1,1
GAI HOUND,CPN,1,1
AT MEDICAL CLINIC,CPN,1,1
NAAIUANYENDTAFOSAOCHINGCHA,CPN,1,1
MISS SIS,CPN,1,1
CINEMA CENTRAL NAKORNSAWAN,CPN,1,1
MAKAO,CPN,1,1
GIAN FERRENTE,CPN,1,1
AKIYOSHI,CPN,1,1
TOM LAY CUT PROFESSIONAL,CPN,1,1
URBAN BAO BAO,CPN,1,1
BAKE WORKS,CPN,1,1
KUMPOON คำพูน,CPN,1,1
LOOKCHOOB,CPN,1,1
ARTHITAYA,CPN,1,1
KHRUA RABIANG,CPN,1,1
LIPDA MOBILE,CPN,1,1
MARRAKESH EXCLUSIVE SPA,CPN,1,1
FIFTYNINE,CPN,1,1
AONG-SA MOBILE,CPN,1,1
KAFFEINE BY KANOM,CPN,1,1
OMEGA,CPN,1,1
SMILE MOBIE SHOP,CPN,1,1
RAD NA HIA AOUN YOW WA RAD,CPN,1,1
PENGPHOCHANA RACHAKUAYTEAWKHAUKAI,CPN,1,1
GIANTCREPESBYPANID,CPN,1,1
PINRIMKHONGYAMJEEDJAD,CPN,1,1
CAFECHAODOY,CPN,1,1
ARMANDO CARUSO,CPN,1,1
HELLO SUNSHINE,CPN,1,1
SUKONTA,CPN,1,1
KUAITIAORUENAIPHOL,CPN,1,1
ROTIE NAIHOA CHACHUK,CPN,1,1
KIATNAKINPHATRA BANK,CPN,1,1
CODING INNOVATION,CPN,1,1
LUKCHIN NAI CHANA,CPN,1,1
KHAOMONKAIRUNGSAD,CPN,1,1
NAMPU CLUB,CPN,1,1
BANLOOKCHIN,CPN,1,1
ABSOLUTE MAC,CPN,1,1
PASSION BREW CAFÉ,CPN,1,1
LONGRAKPHATHAI BY NAMTHIP,CPN,1,1
JUN HAIR,CPN,1,1
YEN TA FOUR NAI LERT,CPN,1,1
TOYBIES,CPN,1,1
SMART GEMS,CPN,1,1
LALIZA CLINIC,CPN,1,1
STJAMES,CPN,1,1
ALHUDSUN KRUA MUSLIM,CPN,1,1
WITH IT PREMIUM,CPN,1,1
RIKU,CPN,1,1
MONKEY THREE,CPN,1,1
LTD,CPN,1,1
GALAXY SHOP,CPN,1,1
แม่มี่ข้าวซอย,CPN,1,1
PANDA LAND,CPN,1,1
DARLIN,CPN,1,1
ARSENGYENTAFOYAOWARAJ,CPN,1,1
ATEGGJAEWTORJAN,CPN,1,1
TRUST CLINIC,CPN,1,1
FOLIO,CPN,1,1
YAMAHA MUSIC,CPN,1,1
MUEANG JUNT WELLNESS CLINIC,CPN,1,1
COOLLIVING FARM,CPN,1,1
DAENG KAN PAK,CPN,1,1
KAMU KAMU,CPN,1,1
LOVE PHONE,CPN,1,1
COCO FRESH TEA & JUICE,CPN,1,1
HANG KA THONG YAOWARAJ,CPN,1,1
GOODR,CPN,1,1
ดวงเศรษฐี,CPN,1,1
PATTHAIANDAMAN,CPN,1,1
ONKIJUNG,CPN,1,1
NAIL HOME & SPA,CPN,1,1
BREW BAR,CPN,1,1
BANGKOK BOLD,CPN,1,1
เบิร์นบุษบา,CPN,1,1
KIKI BEAUTY SPACE,CPN,1,1
MULTY BEAUTY,CPN,1,1
นวดรื่นฤดี,CPN,1,1
TAPTIM GOLD,CPN,1,1
KASH JOY,CPN,1,1
BELLISSIMO,CPN,1,1
RECHIC,CPN,1,1
TRUST DENTAL CLINIC,CPN,1,1
RAK ROI,CPN,1,1
CZECH BUSINESS CENTER,CPN,1,1
RICHESSE BAKERY,CPN,1,1
THE EXCELLEN DAY SPA,CPN,1,1
LIVING DOLLS,CPN,1,1
J.I.B.,CPN,1,1
TORSLIP,CPN,1,1
BANDAI KIDZ&KITZ,CPN,1,1
FOOD REPUBLIC,CPN,1,1
178,CPN,1,1
ROSE RELAX,CPN,1,1
CREPE SAI TAEK BY FON,CPN,1,1
N.G. MOBILE,CPN,1,1
THE CLASSIC HAIR SALON,CPN,1,1
SINO,CPN,1,1
ACSEINE,CPN,1,1
SIRADA & AU GEMS,CPN,1,1
CHANEL FRAGRANCE & BEAUTY,CPN,1,1
SIL,CPN,1,1
88ASHER,CPN,1,1
TEATARO,CPN,1,1
NAILS LAB STUDIO,CPN,1,1
RUNGTAEKWONDO ACADEMY,CPN,1,1
AFS STUDIO,CPN,1,1
EGG STORY @ PHUKET,CPN,1,1
SURASANG,CPN,1,1
MOM AND SIS THE SMOOTHIE CAFE,CPN,1,1
LABOTTE,CPN,1,1
PETCH TANA,CPN,1,1
MON LADY,CPN,1,1
SEECHA OIL PERFUME,CPN,1,1
KERRY EXPRESS,CPN,1,1
B-QUIK,CPN,1,1
EVERSEOUL,CPN,1,1
SLIM CONCEPT,CPN,1,1
J&T EXPRESS,CPN,1,1
DARAKA DIAMOND,CPN,1,1
HANG THONG MAE POOL,CPN,1,1
KUMIGAR,CPN,1,1
YACCOMARICARD,CPN,1,1
KHANOMCHIN MAE NUAM DON WAI,CPN,1,1
NOTEBOOK FIX,CPN,1,1
BLT,CPN,1,1
BANGKOK SOUVENIR,CPN,1,1
SECRET NO.9,CPN,1,1
COFFEELISM,CPN,1,1
ISBN,CPN,1,1
FOODWORLD,CPN,1,1
VICTROLA,CPN,1,1
SENG HENG,CPN,1,1
TOON CHA BOOM,CPN,1,1
MONGNI CAFE',CPN,1,1
SUMDAY DIMSUM,CPN,1,1
ALUMNUS WOMEN,CPN,1,1
TAKOSANG,CPN,1,1
ELIZABETH ARDEN,CPN,1,1
CENTER OPTIC,CPN,1,1
PP.GAME & MOBILE,CPN,1,1
ร้านไปรษณีย์ไทย,CPN,1,1
TWELVE EXCHANGE,CPN,1,1
BENJAWAN GEMS,CPN,1,1
TOYS R US,CPN,1,1
GANG CARTOON,CPN,1,1
MONDAINE,CPN,1,1
HARAJUKU CAFE CREPES,CPN,1,1
ENABOT,CPN,1,1
PRÄLYN,CPN,1,1
BRANGUS,CPN,1,1
GLOWAURA,CPN,1,1
ROLEX(SRICHAI),CPN,1,1
ราดหน้าสองพี่น้อง,CPN,1,1
SENG HEGN,CPN,1,1
SUSHI CYU,CPN,1,1
NK TIME SERVICE,CPN,1,1
FLEURS EN PRAIRIE CAFE,CPN,1,1
DER MOND,CPN,1,1
KUAYTEAWTOMYAMKHAISAPCHACHU,CPN,1,1
KAYAJIT,CPN,1,1
KUAYTIEWRUERENMOOTUNBYNONGFAH,CPN,1,1
ONE OPTIC,CPN,1,1
FUN PAVILION,CPN,1,1
TAIFA OPTIC,CPN,1,1
OLINO,CPN,1,1
NITTAYA KAI YANG RESTAURANT,CPN,1,1
MONT BELL,CPN,1,1
THAI-DENMARK MILK SHOP,CPN,1,1
ZURICH BREAD CAFE,CPN,1,1
SMITH&CO,CPN,1,1
SP MOBILE,CPN,1,1
NATURE REPUBLIC,CPN,1,1
WATCH & KEY CENTER SERVICE,CPN,1,1
WAXCORNER,CPN,1,1
THA SIAM,CPN,1,1
722 SEVEN TWENTY TWO,CPN,1,1
FOREVER WEEKEND,CPN,1,1
NIYOMJEANS,CPN,1,1
KLEENS,CPN,1,1
RACHA TELECOM,CPN,1,1
CLOUD 9,CPN,1,1
CS MOBILE,CPN,1,1
ERGO INSURANCE,CPN,1,1
PRYNWAN,CPN,1,1
MEZIO,CPN,1,1
KYO DONGBURI,CPN,1,1
FARM CHOKCHAI,CPN,1,1
TAM TEM TOH,CPN,1,1
TV DIRECT SHOWCASE,CPN,1,1
YOU&I,CPN,1,1
ARMANI,CPN,1,1
APEX CLINIC,CPN,1,1
SAMUI HAWAII,CPN,1,1
มันเพลิน BY STORY DOG,CPN,1,1
SIAMBIRIYANEE,CPN,1,1
THE ROLLING PINN,CPN,1,1
GRAND SEIKO,CPN,1,1
BAGNIFIQUE,CPN,1,1
TOP SHOES,CPN,1,1
SEPTEMBER10,CPN,1,1
SURANAREE PINGPONG,CPN,1,1
N PHONE,CPN,1,1
เกรซ เฟเชียล เอสเธติก,CPN,1,1
WARP,CPN,1,1
THONGBAI KRUNGTEP,CPN,1,1
PHOTO AUTOMAT,CPN,1,1
GRUNG GAO GUAY TIEW RUEA,CPN,1,1
SELF (JUICE),CPN,1,1
LONG JOHN SILVER'S,CPN,1,1
KHAMOODIAMPERLER,CPN,1,1
STRAWBERRY CASE,CPN,1,1
HANG THONG CHAROENPORN,CPN,1,1
POP UP ENGLISH SCHOOL,CPN,1,1
SIPA RELAXING MASSAGE,CPN,1,1
B.S.GEMS,CPN,1,1
FRENCH FRICES MY FRICED,CPN,1,1
BUASUWAN,CPN,1,1
ERGO TREND,CPN,1,1
MADAME N,CPN,1,1
NANA PHONE,CPN,1,1
POP MART,CPN,1,1
CRAZY STEP,CPN,1,1
KUAITIAO RUEA RAYONG,CPN,1,1
LOLITA,CPN,1,1
ก๋วยเตี๋ยวเรือกลางกรุง,CPN,1,1
ACAI STORY,CPN,1,1
NAAMKAENGSAIPURSUKKAPAP,CPN,1,1
REUANNAMPRIK,CPN,1,1
NAIYANA JEWELRY,CPN,1,1
GREYHOUND CAFE,CPN,1,1
BANTAI CRYSTAL CERAMIC,CPN,1,1
JUNGLE COFFEE,CPN,1,1
HONG TE PET YANG HAISO,CPN,1,1
JU YUAN,CPN,1,1
MOMOKO,CPN,1,1
BS BRANDNAME,CPN,1,1
HANGTHONG AURORA,CPN,1,1
ECC AND TUTOR HOUSE,CPN,1,1
HOLLYWOOD HAIR STUDIO,CPN,1,1
THUMMACHART,CPN,1,1
KHA MU MENG CHAI,CPN,1,1
CHAKAI,CPN,1,1
PAPATAGU,CPN,1,1
AT BED AT HOME,CPN,1,1
HERS,CPN,1,1
EVERYDAY KARMAKAMET,CPN,1,1
TERAOKA GYOZA,CPN,1,1
BABYLOFT,CPN,1,1
141,CPN,1,1
TOPS CLUB,CPN,1,1
TUDARI,CPN,1,1
VANILLA DESSEERT CAFE,CPN,1,1
CAZZY,CPN,1,1
เจียงลูกชิ้นปลาและขนมจีนบุฟเฟ่ต์,CPN,1,1
NANOLEAF,CPN,1,1
MOMO LAND,CPN,1,1
PLUS CONDO,CPN,1,1
XING FU TANG THAILAND BUBBLE TEA,CPN,1,1
KPLUS ACCESSORIES,CPN,1,1
CALVIN KLEIN SOCKS,CPN,1,1
OHAYO,CPN,1,1
ZHENG DOU GRAND,CPN,1,1
HUA SENG HONG DIMSUM,CPN,1,1
MAEKAISAENWAN,CPN,1,1
HOUR PASSION,CPN,1,1
SOUL SOCIETY CLINIC,CPN,1,1
BKK TELECOM,CPN,1,1
PET SAFARI,CPN,1,1
KEERATI GOLD (MAE THONG POOL),CPN,1,1
CHANTHABURI HALL,CPN,1,1
PUSAMALA,CPN,1,1
K PLUS ACCESSORIES,CPN,1,1
GOLD MASTER ELECTRO,CPN,1,1
STAR MAKER,CPN,1,1
LAOYUANBYTUMMUA,CPN,1,1
SIWILAI,CPN,1,1
HAPTHIM KROPWONGWIAN YAI,CPN,1,1
LEARKSEN LENNAM,CPN,1,1
ARKO-KHAOMOODANG,CPN,1,1
EMPORIO ARMANI,CPN,1,1
SEREE JEWELRY,CPN,1,1
MUSIC PLANT,CPN,1,1
SOMJAI,CPN,1,1
YODMUAYTHAI GYM,CPN,1,1
SERVICE,CPN,1,1
ANNAKANOMJEEN,CPN,1,1
GIALONG,CPN,1,1
ZENO,CPN,1,1
JBL CREDIT,CPN,1,1
LEPANA,CPN,1,1
NUAN BAKERY,CPN,1,1
REBECCA LIMS,CPN,1,1
FRESHY CREPE,CPN,1,1
RACHATA,CPN,1,1
SWEET BORA,CPN,1,1
KAOMUNKAIKOSUN,CPN,1,1
AT STORY,CPN,1,1
VOCALIZE SINGING ACADEMY,CPN,1,1
BOY LONDON,CPN,1,1
ANITA,CPN,1,1
HATSAYA,CPN,1,1
THE LAB,CPN,1,1
APRILPOOLDAY,CPN,1,1
HELLO HEEL,CPN,1,1
ORIENT,CPN,1,1
FANTUAN,CPN,1,1
MARSHALL,CPN,1,1
THE ROCK SHABU,CPN,1,1
KRUNGSRI BANK (BAY),CPN,1,1
COMMA &ND,CPN,1,1
WINE CONNECTION,CPN,1,1
SOUL SOCIETY CLINCE,CPN,1,1
อัญชันบุรี,CPN,1,1
ITEM SHOP,CPN,1,1
MICCO,CPN,1,1
ONSONJAEWHONSAMUNPAI,CPN,1,1
T SQUARE SERVICE CENTER,CPN,1,1
PAINT FLOWERS,CPN,1,1
FIRST CLASS,CPN,1,1
C.T.GALLARY,CPN,1,1
BOUNCE INC.,CPN,1,1
ROT DI DET,CPN,1,1
MIROR MIROR,CPN,1,1
DIVANA SIGNATURE,CPN,1,1
HIDRATESPARK,CPN,1,1
KAOMUDAENGMUKROB,CPN,1,1
PEPPINA,CPN,1,1
KOBORI FURNITURE,CPN,1,1
EYE LINK,CPN,1,1
M.A.C,CPN,1,1
MIANG DONG,CPN,1,1
52 TOYS,CPN,1,1
ROIDMI,CPN,1,1
FIRST DATE,CPN,1,1
MODERN WAX,CPN,1,1
NAIL LOVER VIP,CPN,1,1
I HOT,CPN,1,1
YUU RELAX AND RELIEF,CPN,1,1
SOOD'S,CPN,1,1
HONGDAE STATION,CPN,1,1
KRUAPRIKSOD,CPN,1,1
AIS BY PARTNER,CPN,1,1
COLOR NAIL ART,CPN,1,1
ALEXANDER MCQUEEN,CPN,1,1
POKODOT.ACCESSORIES,CPN,1,1
TOMYUMNASIAMBYPIRUNYA,CPN,1,1
QUICKLY PLUS,CPN,1,1
TORO FRIES PHUKET,CPN,1,1
PETCHCHABA,CPN,1,1
POLA,CPN,1,1
PINRIMKONG,CPN,1,1
D'ULTIMATE,CPN,1,1
KYO ROLL EN CAFE' & MEAL,CPN,1,1
MERCURY,CPN,1,1
SOMTAMZABVER,CPN,1,1
PINN SHOP,CPN,1,1
OTOP,CPN,1,1
POP PRINT,CPN,1,1
WORLDBRAND,CPN,1,1
ASIA GOLD,CPN,1,1
BLOOD DONATION ROOM MAHARAT NAKHONRATCHASIMA HOSPITAL,CPN,1,1
ORIVE JEWELRY,CPN,1,1
KUAY TEOW REUA KLANG KRUNG,CPN,1,1
ลืมต้น,CPN,1,1
BUBBLE BEAR BRAIN STUDIO,CPN,1,1
SEFARKHANOMJEEN,CPN,1,1
INFINITY SMILE DENTAL CLINIC,CPN,1,1
SIN THAI MASSAGE,CPN,1,1
VR CLUB ANOTHER WORLD,CPN,1,1
KUAYJABMUSLIMARISA,CPN,1,1
VIKTOR&ROLF,CPN,1,1
MAMA&BABY,CPN,1,1
SALMON FOR YOU,CPN,1,1
NOONA GARDEN,CPN,1,1
BINCHO,CPN,1,1
KHAKI BROS,CPN,1,1
S CAPE BY HARNN,CPN,1,1
LEILA,CPN,1,1
JAIYEN PHONE,CPN,1,1
TWINMADE,CPN,1,1
Y-GEN COMPUTER,CPN,1,1
JANE DEER DESSERT,CPN,1,1
POPCORN MAJOR,CPN,1,1
ราดหน้าจักรพรรดิ์,CPN,1,1
BIGBEAR ART STUDIO,CPN,1,1
SOMRUBKABKAO,CPN,1,1
BLOSSOM,CPN,1,1
TERACHAIKAIYANGBANGTAN,CPN,1,1
STANLEY,CPN,1,1
BLANC EYELASH SALON,CPN,1,1
WORLD TIME,CPN,1,1
FOOTWORK NOIR,CPN,1,1
THE BEST BY SUPRANEE,CPN,1,1
LIM LAO NGOW,CPN,1,1
SKY PLUS DENTAL CLINIC,CPN,1,1
JIM THOMPSON FACTORY STORE,CPN,1,1
HIS&HER LINGERIE,CPN,1,1
GELATO,CPN,1,1
MR. SKY,CPN,1,1
TWZ BY โคราช นวกิจ,CPN,1,1
NAAIMAYNGBAMEEKYOKUNGPOOYARK,CPN,1,1
BUDDHI BELLY,CPN,1,1
MAJOR CINEXPLEX,CPN,1,1
ALICE AND OLIVIA,CPN,1,1
HYPERICE,CPN,1,1
โอ้กะจู๋,CPN,1,1
LOVELY NAIL BY RUTFHA,CPN,1,1
NETURA,CPN,1,1
KATASIA,CPN,1,1
HUANLAMAI NAN SILVER,CPN,1,1
SMART PLAY,CPN,1,1
M.TIME SERVICE,CPN,1,1
ROS'NIYOM/ IBERRY,CPN,1,1
BENEFIT,CPN,1,1
BLUE COFFEE,CPN,1,1
NOVEXPERT,CPN,1,1
CHAODOI,CPN,1,1
HERS DIAMOND,CPN,1,1
CHARIOT,CPN,1,1
AFTER SHOKZ,CPN,1,1
MAMAUNGNAMPLAWHAN,CPN,1,1
BOTTEGA VENETA,CPN,1,1
EXPRET WATCH,CPN,1,1
DELA PREETI CLINIC,CPN,1,1
COFFEE BEAN BY DAO,CPN,1,1
GOVERMENT SERVICE CENTER,CPN,1,1
EA7,CPN,1,1
D'FINE,CPN,1,1
BLU-O RHYTHM & BOWL,CPN,1,1
LOOKCHINSONGPEENONG,CPN,1,1
MUST LOOJ MORE,CPN,1,1
I AM SWEET,CPN,1,1
NANA COFFEE ROASTERS,CPN,1,1
JOY ROOM,CPN,1,1
SHOOWY,CPN,1,1
DKNY AND CK,CPN,1,1
MOYU MEAW,CPN,1,1
OASIS,CPN,1,1
FORMULA 10.0.6,CPN,1,1
MARITINI,CPN,1,1
YAK KRA PHRAO THAT,CPN,1,1
PHUTAWAN,CPN,1,1
KHAW KHA MU HONGTA,CPN,1,1
WARUNYUPA JEWELRY,CPN,1,1
CAFÉ BAGA SPECIALTY COFFEE & LIFESTYLE CAFÉ,CPN,1,1
TARMAFIA,CPN,1,1
PIMTAMJAI,CPN,1,1
ROAV,CPN,1,1
LASH LADY,CPN,1,1
THE RITZ CLINIC,CPN,1,1
125,CPN,1,1
ราชินีพริกสด,CPN,1,1
FORDNOK,CPN,1,1
DUANGSEATTE,CPN,1,1
RICE PLUS,CPN,1,1
ธนาคารไทยเครดิต เพื่อรายย่อย,CPN,1,1
PICHAYA,CPN,1,1
GILI,CPN,1,1
INDEX LIVING MALL,CPN,1,1
ANATCHA,CPN,1,1
KINLENN,CPN,1,1
31 ST,CPN,1,1
NEPP STUDIO,CPN,1,1
IDEVICE SELECTION,CPN,1,1
MIX PHONE,CPN,1,1
NAILS BY JOY,CPN,1,1
THAILAND POST,CPN,1,1
VINTEL HOME,CPN,1,1
ETACHA,CPN,1,1
SAM ROT YENTAFO BANBUENG,CPN,1,1
ANDREW BROWN,CPN,1,1
NUXE,CPN,1,1
PANDA 18,CPN,1,1
ESCENT VILLE,CPN,1,1
CHILLING STLYE,CPN,1,1
พระเครื่องเชียงราย,CPN,1,1
HLA,CPN,1,1
WARISS BEAUTY NAILS & LASH,CPN,1,1
CAMERA&LENS,CPN,1,1
KRAPAOTHAD NATTHARINEE,CPN,1,1
SONGPHINONG IM AROI KUAITIAO KAI,CPN,1,1
SPARKLE NAIL SPA,CPN,1,1
THANAPORN,CPN,1,1
ME DESIGN CASE,CPN,1,1
NUNU TOYS,CPN,1,1
PENA HOUSE,CPN,1,1
GROUNDER,CPN,1,1
THEFRUITHOUSE,CPN,1,1
THAI LIFE INSURANCE,CPN,1,1
KLANG KRUNG BOAT NOODLES,CPN,1,1
URBAN REVIVO,CPN,1,1
INTER MATH,CPN,1,1
ST.JAMES & TREND,CPN,1,1
KOSE BEAUTY CENTER,CPN,1,1
ตั๊กกะเพราถาดยักษ์,CPN,1,1
BRIDGE&BAY,CPN,1,1
CAMP,CPN,1,1
AMERICAN TOURISTER,CPN,1,1
BEAUTY UNIQUE,CPN,1,1
PROSTAR ACADEMY,CPN,1,1
SAOWAREE BOAT NOODLE,CPN,1,1
KLOSET,CPN,1,1
ROYCE & JALUX CORNER,CPN,1,1
MANIBLEU,CPN,1,1
POPSTAR BY MAJOR CINEPLEX,CPN,1,1
GIANTLOOKCHINPLARABERD,CPN,1,1
NESCAFE STREET CAFÉ',CPN,1,1
RYUJIN SUSHI,CPN,1,1
HALPER CHICK,CPN,1,1
KHAWMONKAISINGKAPRO,CPN,1,1
ไร่กาแฟขี้ชะมด BLUEGOLD,CPN,1,1
SMELL LEMONGRASS,CPN,1,1
DHL EXPRESS,CPN,1,1
NIXON,CPN,1,1
KAOMUNKAIROONGSEANG,CPN,1,1
BVLGARI,CPN,1,1
NOTHING,CPN,1,1
PAICHIT,CPN,1,1
MOBISTER,CPN,1,1
BANANA LEAF,CPN,1,1
LUXE GALERIE,CPN,1,1
SAYLUCK,CPN,1,1
SK SNEAKER,CPN,1,1
MODOLO KIDS,CPN,1,1
KANOMPIEER BUADENG,CPN,1,1
SUKIHORJEAR,CPN,1,1
KHAORONKAENGROI,CPN,1,1
AKASHI,CPN,1,1
JIAN CHA,CPN,1,1
FIFTH YORK,CPN,1,1
GLODI,CPN,1,1
NANA NAIL,CPN,1,1
NUNUH,CPN,1,1
FUNDAO,CPN,1,1
KAOMANKAIPRATUNAM,CPN,1,1
MITH,CPN,1,1
T TIME SERVICE,CPN,1,1
MR.BIG PILLOW,CPN,1,1
LUXURY LIVING,CPN,1,1
IMAROI,CPN,1,1
ASIA BOOK,CPN,1,1
RUANRUDEE THAI MASSAGE,CPN,1,1
SANAENAMPRIK,CPN,1,1
LA GRÂCE CLINIC,CPN,1,1
LANVIN,CPN,1,1
EXODIA,CPN,1,1
THE LOFT SERVICES,CPN,1,1
KRO TRON,CPN,1,1
SIWLHANKAOLADTHONG,CPN,1,1
PETCHPLOYGEMS,CPN,1,1
POULET,CPN,1,1
PANSY,CPN,1,1
SKECHER,CPN,1,1
BARISTART COFFEE,CPN,1,1
MLK,CPN,1,1
VV JEWELRY,CPN,1,1
DUNLOPILLO,CPN,1,1
MITNAI KAI TON,CPN,1,1
PATNASILP,CPN,1,1
RAD,CPN,1,1
MADAM THAI MASSAGE,CPN,1,1
POPCORN,CPN,1,1
STUFF FACTORY,CPN,1,1
KUMO CREATIVE STUDIO BY CLAY WORK,CPN,1,1
BOQUET DECOR,CPN,1,1
SEGWAY NINEBOT,CPN,1,1
ALUMINIUM,CPN,1,1
NUIPHATHAI,CPN,1,1
OMU,CPN,1,1
SPEEDO,CPN,1,1
HOMEPRO,CPN,1,1
HYBRID,CPN,1,1
OWNSDAY,CPN,1,1
S MOBILE,CPN,1,1
MOBILE ONE,CPN,1,1
ห้างทองแม่ทองพูล,CPN,1,1
AMIDA CHUANCHIM,CPN,1,1
MR.GAO,CPN,1,1
TWELVE VICTORY (42),CPN,1,1
TUMSABSAB,CPN,1,1
PARIS HEALTH & WELLNESS,CPN,1,1
ABC THE BABY,CPN,1,1
SFX CINEMA CENTRAL CHAENGWATTANA,CPN,1,1
ARTY,CPN,1,1
U-MAY PLUS,CPN,1,1
THE G,CPN,1,1
TAN POR SALAPAO,CPN,1,1
YALE SMART SHOP,CPN,1,1
MR. T. PADTHAI FRIED CLAMS,CPN,1,1
DEWANGHOUSE,CPN,1,1
OSANACK,CPN,1,1
NUT MUSIC,CPN,1,1
COTTON ON,CPN,1,1
COLTHES FIXING,CPN,1,1
HOKKAIDO CHEESE TART & SECRET RECIPE,CPN,1,1
J-TIME,CPN,1,1
ITGO,CPN,1,1
GENTLEWOMEN,CPN,1,1
FULL FILM,CPN,1,1
BAAN&BEYOND,CPN,1,1
MUGLER,CPN,1,1
CHARACTERS STUDIO,CPN,1,1
PANCAKE CORNER,CPN,1,1
SHEAFFER,CPN,1,1
HAINHAN,CPN,1,1
LE CREUSET,CPN,1,1
UNGARO,CPN,1,1
VOLCOM,CPN,1,1
TASTE,CPN,1,1
KLEAN SQUARE,CPN,1,1
MUSIC CONCEPT,CPN,1,1
POINT HUNDRED TWENTY,CPN,1,1
SKECHERS OUTLET,CPN,1,1
HAIR TEX,CPN,1,1
LOAF,CPN,1,1
PEEWARA CLINIC,CPN,1,1
COBALT,CPN,1,1
KUAITIAO TOMYAM MAE RA WENG,CPN,1,1
POK-TOR-SAB,CPN,1,1
EVERSEOUL OT,CPN,1,1
CASETIFY,CPN,1,1
LUKCHIN KO JA,CPN,1,1
DIAMOND MOBILE,CPN,1,1
FUJI JAPANESE RESTAURANT,CPN,5,31
MK RESTAURANTS,CPN,5,37
BANANA,CPN,5,37
JAY MART,CPN,5,33
