Weight,Tenant1,Tenant2
7,ROBINSON DEPARTMENT STORE,ACTIVE | Robinson Department Store
7,ROBINSON DEPARTMENT STORE,AIS 3BB FIBRE3
7,ROBINSON DEPARTMENT STORE,ANYAMANEE
7,ROBINSON DEPARTMENT STORE,ARENA | Robinson Department Store
7,ROBINSON DEPARTMENT STORE,ART TOY MODEL
7,ROBINSON DEPARTMENT STORE,AYATANA
7,ROBINSON DEPARTMENT STORE,B&T GAMING
7,ROBINSON DEPARTMENT STORE,BAGGU AND ME
7,ROBINSON DEPARTMENT STORE,BAITONG
7,ROBINSON DEPARTMENT STORE,BB TOYS
7,ROBINSON DEPARTMENT STORE,BG PHONE
7,ROBINSON DEPARTMENT STORE,BOON YUANG
7,ROBINSON DEPARTMENT STORE,BOONSOM HOMEMADE
7,ROBINSON DEPARTMENT STORE,Balmy Inhaler
7,ROBINSON DEPARTMENT STORE,Blue Bangkok
7,ROBINSON DEPARTMENT STORE,CALLA CREATIV | Robinson Department Store
7,ROBINSON DEPARTMENT STORE,CASE FOR YOU
7,ROBINSON DEPARTMENT STORE,CHAN SHOP
7,ROBINSON DEPARTMENT STORE,CHANOTHAI KRUANG-NGOEN
7,ROBINSON DEPARTMENT STORE,CHAROVA | Robinson Department Store
7,ROBINSON DEPARTMENT STORE,CHER HEMP FABRIC
7,ROBINSON DEPARTMENT STORE,CHEWIES COOKIES
7,ROBINSON DEPARTMENT STORE,CHUNWOWENS
7,ROBINSON DEPARTMENT STORE,CLAYATIVE GALLERY
7,ROBINSON DEPARTMENT STORE,COCO SUGAR
7,ROBINSON DEPARTMENT STORE,COTTON HOMEY
7,ROBINSON DEPARTMENT STORE,Caliiico shop
7,ROBINSON DEPARTMENT STORE,DAMA ART
7,ROBINSON DEPARTMENT STORE,DAWOOD VOYAGEL TRAVEL
7,ROBINSON DEPARTMENT STORE,DAYS IN AND DAYS OUT
7,ROBINSON DEPARTMENT STORE,DENTIST SMILE
7,ROBINSON DEPARTMENT STORE,DESING BY BOOM
7,ROBINSON DEPARTMENT STORE,DOI TUNG
7,ROBINSON DEPARTMENT STORE,DUANGKHAM ACCESSORIES
7,ROBINSON DEPARTMENT STORE,Dress Production
7,ROBINSON DEPARTMENT STORE,EGO SPORT | Robinson Department Store
7,ROBINSON DEPARTMENT STORE,ESTIMATE | Robinson Department Store
7,ROBINSON DEPARTMENT STORE,ETERNITY COFFEE
7,ROBINSON DEPARTMENT STORE,FLOW JEWELRY
7,ROBINSON DEPARTMENT STORE,FOLK
7,ROBINSON DEPARTMENT STORE,FOODPARK (KADLUANG)
7,ROBINSON DEPARTMENT STORE,FRIDAY'S PROJECT
7,ROBINSON DEPARTMENT STORE,FRUITORY
7,ROBINSON DEPARTMENT STORE,FUNNY KIDS | Robinson Department Store
7,ROBINSON DEPARTMENT STORE,Foniji Collections
7,ROBINSON DEPARTMENT STORE,GASOLINE & GARAGE | Robinson Department Store
7,ROBINSON DEPARTMENT STORE,GRACO | Robinson Department Store
7,ROBINSON DEPARTMENT STORE,GRAPH COFFEE
7,ROBINSON DEPARTMENT STORE,GUARANTEE
7,ROBINSON DEPARTMENT STORE,HANG PETCH THONG MUNGKORN THONG YAOWARAJ
7,ROBINSON DEPARTMENT STORE,HAPPY COFFEE
7,ROBINSON DEPARTMENT STORE,HARU AND FRIEND
7,ROBINSON DEPARTMENT STORE,HAVE A HUG STUDIO
7,ROBINSON DEPARTMENT STORE,HEEL CARE | Robinson Department Store
7,ROBINSON DEPARTMENT STORE,HERB BASICS
7,ROBINSON DEPARTMENT STORE,HERB CARE
7,ROBINSON DEPARTMENT STORE,HOLEN
7,ROBINSON DEPARTMENT STORE,HOM STUDIO
7,ROBINSON DEPARTMENT STORE,HOMEWORKS
7,ROBINSON DEPARTMENT STORE,HUMAN
7,ROBINSON DEPARTMENT STORE,Hanky House
7,ROBINSON DEPARTMENT STORE,IQ STYLE | Robinson Department Store
7,ROBINSON DEPARTMENT STORE,JUN
7,ROBINSON DEPARTMENT STORE,KAMPOOJOO
7,ROBINSON DEPARTMENT STORE,KANOM BANN ARJARN
7,ROBINSON DEPARTMENT STORE,KANYA
7,ROBINSON DEPARTMENT STORE,KARNTONKAO COTTON
7,ROBINSON DEPARTMENT STORE,KAWA | Robinson Department Store
7,ROBINSON DEPARTMENT STORE,KAWAII!
7,ROBINSON DEPARTMENT STORE,KD | Robinson Department Store
7,ROBINSON DEPARTMENT STORE,KEWALIN GEMS
7,ROBINSON DEPARTMENT STORE,KHRONGKANLUANG
7,ROBINSON DEPARTMENT STORE,KINGDOW
7,ROBINSON DEPARTMENT STORE,KLANG MOBILE
7,ROBINSON DEPARTMENT STORE,KONGTHONG 88
7,ROBINSON DEPARTMENT STORE,KORNVALAI
7,ROBINSON DEPARTMENT STORE,KR PERFUME
7,ROBINSON DEPARTMENT STORE,KUBKOWPINONG
7,ROBINSON DEPARTMENT STORE,LA MER + CLARINS
7,ROBINSON DEPARTMENT STORE,LAUNDRY&DRY CLEANING
7,ROBINSON DEPARTMENT STORE,LOCCITANE | Robinson Department Store
7,ROBINSON DEPARTMENT STORE,LUOFU EXTERNAL | Robinson Department Store
7,ROBINSON DEPARTMENT STORE,LalenTogether
7,ROBINSON DEPARTMENT STORE,MADAM LEOPARD
7,ROBINSON DEPARTMENT STORE,MAELLE
7,ROBINSON DEPARTMENT STORE,MAEPLOYKAITOD
7,ROBINSON DEPARTMENT STORE,MARIA PIA | Robinson Department Store
7,ROBINSON DEPARTMENT STORE,MONNAPHAT KANOMTHAI
7,ROBINSON DEPARTMENT STORE,MOOPING
7,ROBINSON DEPARTMENT STORE,MOUNTAIN PEAK | Robinson Department Store
7,ROBINSON DEPARTMENT STORE,MT SERVICE 2528
7,ROBINSON DEPARTMENT STORE,MUAK
7,ROBINSON DEPARTMENT STORE,Madam Louise
7,ROBINSON DEPARTMENT STORE,Malailux
7,ROBINSON DEPARTMENT STORE,NANA BAKERY
7,ROBINSON DEPARTMENT STORE,NONG KENG
7,ROBINSON DEPARTMENT STORE,NORTH COFFEE
7,ROBINSON DEPARTMENT STORE,NORTH DEGREE COFFEE ROASTERY
7,ROBINSON DEPARTMENT STORE,NUAN BAKERY
7,ROBINSON DEPARTMENT STORE,NUJIRALAI JEWELRY
7,ROBINSON DEPARTMENT STORE,Nalanns crafts
7,ROBINSON DEPARTMENT STORE,OKSIS
7,ROBINSON DEPARTMENT STORE,ONETH1NG
7,ROBINSON DEPARTMENT STORE,ORNSA
7,ROBINSON DEPARTMENT STORE,PASSPORT OFFICE
7,ROBINSON DEPARTMENT STORE,PHUENNUKGUITAR
7,ROBINSON DEPARTMENT STORE,PHUFASAI
7,ROBINSON DEPARTMENT STORE,PIBOON WATCH SERVICE
7,ROBINSON DEPARTMENT STORE,PLOY GIFT SHOP
7,ROBINSON DEPARTMENT STORE,PLY | Robinson Department Store
7,ROBINSON DEPARTMENT STORE,POMPOM SHOP
7,ROBINSON DEPARTMENT STORE,PURE EYES & BEAUTY
7,ROBINSON DEPARTMENT STORE,QUEENS BAKER
7,ROBINSON DEPARTMENT STORE,RAKLANNA
7,ROBINSON DEPARTMENT STORE,RED COFFEE
7,ROBINSON DEPARTMENT STORE,ROSSANIYOM JEANS | Robinson Department Store
7,ROBINSON DEPARTMENT STORE,RUENMAITHAIYAI
7,ROBINSON DEPARTMENT STORE,RYOTA SHABU & SUKI BUFFET
7,ROBINSON DEPARTMENT STORE,ReCYCLE STATION
7,ROBINSON DEPARTMENT STORE,SALA DESIGN
7,ROBINSON DEPARTMENT STORE,SEANFANG THE GARDEN TREE
7,ROBINSON DEPARTMENT STORE,SENSEI
7,ROBINSON DEPARTMENT STORE,SENT2
7,ROBINSON DEPARTMENT STORE,SHOFUKU
7,ROBINSON DEPARTMENT STORE,SHON COFFEE
7,ROBINSON DEPARTMENT STORE,SIAMPHUTHAI
7,ROBINSON DEPARTMENT STORE,SIMPLICITY | Robinson Department Store
7,ROBINSON DEPARTMENT STORE,SOCKS
7,ROBINSON DEPARTMENT STORE,SQUISHY LOVER
7,ROBINSON DEPARTMENT STORE,SUANPATHUMTHIP
7,ROBINSON DEPARTMENT STORE,SUNDAY KEBAB WRAP & ROLLS
7,ROBINSON DEPARTMENT STORE,TAKE CARE SERVICE
7,ROBINSON DEPARTMENT STORE,THAI VINTAGE MASSAGE
7,ROBINSON DEPARTMENT STORE,THANADKLUAY
7,ROBINSON DEPARTMENT STORE,THE WISDOM MEDICAL CLINIC
7,ROBINSON DEPARTMENT STORE,THONGLOR ART VILLAGE
7,ROBINSON DEPARTMENT STORE,TIAN TIAN TEA
7,ROBINSON DEPARTMENT STORE,TIME CLINIC | Robinson Department Store
7,ROBINSON DEPARTMENT STORE,TOM LAYCUT PROFESSIONAL
7,ROBINSON DEPARTMENT STORE,TOUCHA X LITTLE BAO
7,ROBINSON DEPARTMENT STORE,TREE
7,ROBINSON DEPARTMENT STORE,TTN | Robinson Department Store
7,ROBINSON DEPARTMENT STORE,TTQ.THONTONQ
7,ROBINSON DEPARTMENT STORE,TW CAKE
7,ROBINSON DEPARTMENT STORE,Taitier Soap
7,ROBINSON DEPARTMENT STORE,Thong Ampai
7,ROBINSON DEPARTMENT STORE,ULTIMA II | Robinson Department Store
7,ROBINSON DEPARTMENT STORE,UNITED OVERSEAS BANK (THAI) PUBLIC COMPANY LIMITED
7,ROBINSON DEPARTMENT STORE,UP 5 | Robinson Department Store
7,ROBINSON DEPARTMENT STORE,VALENTINO RUDY | Robinson Department Store
7,ROBINSON DEPARTMENT STORE,WHANNZHAI
7,ROBINSON DEPARTMENT STORE,ZOO YORK | Robinson Department Store
7,ROBINSON DEPARTMENT STORE,baramio coffee
7,ROBINSON DEPARTMENT STORE,buakawgallery
7,ROBINSON DEPARTMENT STORE,house of thailand
7,ROBINSON DEPARTMENT STORE,kp fruits
7,ROBINSON DEPARTMENT STORE,sala design2
6,LEMO,ARROW
5,LEMO,360 SWIM
5,LEMO,@SERVICE
5,LEMO,ACCESSORIES GOODS
5,LEMO,AFTER TEL 6395
5,LEMO,ALBEDO
5,LEMO,ALL ABOUT GIFTS
5,LEMO,ALL TEA HOUSE
5,LEMO,Amnuay Scent
5,LEMO,BB PHONE 168
5,LEMO,BONSOIR
5,LEMO,CALM
5,LEMO,CAMERA
5,LEMO,CHIN GOLD&JEWELRY
5,LEMO,CHIN JEWELRY
5,LEMO,CODEC CREATION
5,LEMO,CODY FACTORY
5,LEMO,CRANBERRY
5,LEMO,CUZTOMO
5,LEMO,Cheersy
5,LEMO,Cushy Walk
5,LEMO,DD PHONE
5,LEMO,DUTCH MILL
5,LEMO,Dodge
5,LEMO,Donnaphat Shop
5,LEMO,Easy Interactive
5,LEMO,FONNEY JEWELRY
5,LEMO,FUFUSTUDIO
5,LEMO,FUN INFINITY
5,LEMO,Feelgood Cooling Blanket
5,LEMO,Fleur De Lis
5,LEMO,GIVE TO YOU
5,LEMO,GLORYCHIME MUSIC BOX(LICENSED PRODUCT)
5,LEMO,Gashapon by BIG ONE
5,LEMO,HAVE A GOOD CASE
5,LEMO,HENNEY BEAR
5,LEMO,HI CHA
5,LEMO,IDEVICE SELECTION
5,LEMO,INFLAT DECOR
5,LEMO,IT CITY INFINITY (MOBILE PHONE)
5,LEMO,ITSHU.BKK
5,LEMO,Inomata
5,LEMO,JAMILLE
5,LEMO,JM KIBKAE
5,LEMO,Jenim Sports
5,LEMO,K.CASE
5,LEMO,KC TOYS
5,LEMO,KIKUYA
5,LEMO,KITO
5,LEMO,KLEAN SQUARE
5,LEMO,LOOK
5,LEMO,LOOK SUNGLASSES
5,LEMO,LUSCINIA
5,LEMO,MAYU SHOP
5,LEMO,MC CLASS MUSIC
5,LEMO,MICHELIN PILLOW
5,LEMO,MODEL & TOYS
5,LEMO,MORTIMER ENGLISH CLUB
5,LEMO,MY CRAFT
5,LEMO,Mixx
5,LEMO,Muunique
5,LEMO,NAME CARD TCG
5,LEMO,NO PROBLEM
5,LEMO,Nawapan Shop
5,LEMO,Newday 368
5,LEMO,OCEANA
5,LEMO,OKAMI YAKINIKU
5,LEMO,OMNI
5,LEMO,OPTION
5,LEMO,PHONE PHONE
5,LEMO,PLAYHOUSE
5,LEMO,PLAYHOUSE SHOPPINGBAG
5,LEMO,Prostar Academy
5,LEMO,RAM RUAY TELEPHONE
5,LEMO,RAMRUAY TELEPHONE
5,LEMO,REDFOX  MINI4WD
5,LEMO,RINA BAG
5,LEMO,SAINT CROISSANT
5,LEMO,SBARSHA
5,LEMO,SHU SOFA
5,LEMO,SKY PLUS
5,LEMO,SKY PRIMES DENTAL CLINIC
5,LEMO,SPORT LAND
5,LEMO,STRAW FACT
5,LEMO,SUIMI SLEEP
5,LEMO,SUPER PEEM FASHION SHOP
5,LEMO,SURASANG
5,LEMO,Schu'zz
5,LEMO,Sheph Home
5,LEMO,Simply fineday
5,LEMO,Sunday Story
5,LEMO,TANYA 99
5,LEMO,TAR MOBILE
5,LEMO,THE BLACK DRAGON
5,LEMO,THE ROOM'S
5,LEMO,TIK TOK PHONE
5,LEMO,TOKEIYA SERVICE & MAINTENANCE
5,LEMO,UDOMSUP36
5,LEMO,WANDERLUST.CRAFTED
5,LEMO,ZHOELALA
5,LEMO,balloon by uptheair
5,LEMO,น้ำมนต์ ขนมญี่ปุ่น
5,LEMO,น้ำมนต์ รถของเล่น
5,LEMO,ผู้ประกอบการ HUB STATION 1
5,LEMO,พาที พารวย มหาเศรษฐี
5,LEMO,ภารวย
5,LEMO,มันเพลิน BY STORY DOG
5,LEMO,รักษ์นุช โมบาย
5,LEMO,วิน วิน ถุงเท้า
5,LEMO,ศาลเจ้าญี่ปุ่นชินโต
5,LEMO,อาหารอิสาน
5,LEMO,เอ็กซ์ เทเลคอม
5,LEMO,โอ โมบาย ช็อป
5,LEMO,ใจถึง
5,ROBINSON,40 PHONE
5,ROBINSON,AGE FREE
5,ROBINSON,ARAYA PHONE
5,ROBINSON,BAKERY LOBBY
5,ROBINSON,BARBIE BLINK CLINIC
5,ROBINSON,BLESS CLOSET
5,ROBINSON,B_Time
5,ROBINSON,CENTER OPTIC
5,ROBINSON,CHERNAME
5,ROBINSON,CHOMPOO
5,ROBINSON,CYBORG KONG
5,ROBINSON,Cameron คาเมร่อน
5,ROBINSON,ESCENT NAKHON SI THAMMARAT
5,ROBINSON,FRUIT STATION
5,ROBINSON,GUKGIG
5,ROBINSON,HARRIS CASE
5,ROBINSON,HOP CHAFE
5,ROBINSON,Hongdae Station
5,ROBINSON,INFINITY _ STUDIO
5,ROBINSON,JKM MOBILE
5,ROBINSON,Jew Very
5,ROBINSON,K-IT
5,ROBINSON,KAE KAE SHOP
5,ROBINSON,KIDS CLUB
5,ROBINSON,KK MOBILE
5,ROBINSON,KK MOBILE2
5,ROBINSON,KOREA BRANDNAME
5,ROBINSON,Kinplearn
5,ROBINSON,LADY IT'S
5,ROBINSON,LIGOR
5,ROBINSON,LOCKER
5,ROBINSON,LOVE KEY BIG KEY
5,ROBINSON,Mr. Socks
5,ROBINSON,N&R FASHION
5,ROBINSON,NANA.CASE
5,ROBINSON,NAVA PHONE
5,ROBINSON,NINETIES X SO.ON
5,ROBINSON,NOIR STATION
5,ROBINSON,O-ZONE 2
5,ROBINSON,OA TELECOM
5,ROBINSON,P.J. MOBILE
5,ROBINSON,P.R.สปอร์ต
5,ROBINSON,PHOPTHON
5,ROBINSON,Prem bag & hat
5,ROBINSON,RICHY
5,ROBINSON,RUNWAY
5,ROBINSON,Rainy nail
5,ROBINSON,SIX
5,ROBINSON,SMART PLAY
5,ROBINSON,SUNDAY
5,ROBINSON,TG Pro
5,ROBINSON,THEEDA SHOP
5,ROBINSON,TK เทเลโฟน
5,ROBINSON,TO B 1
5,ROBINSON,VIVO EFFECTIVE
5,ROBINSON,Viva Mama
5,ROBINSON,WANDERWOODS
5,ROBINSON,bubb
5,ROBINSON,pokpag
5,ROBINSON,กิ๊ปช็อป คาเฟ่
5,ROBINSON,กุลโมบาย
5,ROBINSON,กุ๊กกิ๊ก
5,ROBINSON,ก๋วยเตี๋ยวอิสลาม
5,ROBINSON,ข้าวแกงยายวรรณ
5,ROBINSON,ข้าวแกงอิสลาม
5,ROBINSON,ครัวมารีสา ฮาลาลฟู้ด
5,ROBINSON,คลินิกเวชกรรมธนบุรี ทุ่งสง
5,ROBINSON,จรัญยา ป้ากับลุงปรุงก๋วยเตี๋ยว go
5,ROBINSON,จิรโชค
5,ROBINSON,ชานายช่าง
5,ROBINSON,ชามีตังค์
5,ROBINSON,ซิมโมบาย
5,ROBINSON,ต.โต้ง
5,ROBINSON,ทรัพย์เศรษฐี
5,ROBINSON,นภัทรโมบาย
5,ROBINSON,นภัทรโมบาย 2
5,ROBINSON,นายอ้วน หม่าล่า&ชาบู
5,ROBINSON,ปิ้งปุด
5,ROBINSON,ฝ้ายส้มตำ 3 รส
5,ROBINSON,พระพร ยีนส์
5,ROBINSON,พรีเมี่ยม ไดมอนด์
5,ROBINSON,พี่ตู่
5,ROBINSON,มาซ่าเทเลโฟน
5,ROBINSON,มาซ่าเทเลโฟน3
5,ROBINSON,มุกสวย
5,ROBINSON,รส-สลิม
5,ROBINSON,รสมือ บะหมี่จับกังเนื้อแดง​ by​ บังป้อม
5,ROBINSON,รัติฟาร์ม เพ็ทช็อป
5,ROBINSON,ร้านซูชิ เชฟนงค์
5,ROBINSON,ลูกบอลโมบาย
5,ROBINSON,ล้านนมหมี
5,ROBINSON,ล้านนายอ้วนแซ่บนัว
5,ROBINSON,วาดฝัน
5,ROBINSON,ศิณไทย THAI MASSAGE
5,ROBINSON,สุ SMART SHOP
5,ROBINSON,สุภคพร เจมส์
5,ROBINSON,หมูแดงโมบาย
5,ROBINSON,ห้างทองแม่มาลี
5,ROBINSON,ห้างทองไทยสมบูรณ์
5,ROBINSON,อัญชันบุรี
5,ROBINSON,อิคคิว
5,ROBINSON,อิงอิ๋ง
5,ROBINSON,อ้ายอ้วน
5,ROBINSON,เก๋ไก๋
5,ROBINSON,เครื่องถมอุดม
5,ROBINSON,เคาน์เตอร์บริการไปรษณีย์ เซ็นทรัลพลาซา นครศรีธรรมราช
5,ROBINSON,เจนโมบาย2
5,ROBINSON,เดอะชิค ข้าวหมกเมืองคอน(อิสลาม)
5,ROBINSON,เย็นซ่า น้ำอัดลม
5,ROBINSON,แม่หนิงตามสั่ง&สเต็กเด็กแนว
5,ROBINSON,แอน โมบายไลฟ์
5,ROBINSON,โกปี๊ 1942 นครศรีธรรมราช
5,ROBINSON,โกโก้ร้านไอต้น
5,ROBINSON,โมบายช็อป
5,ROBINSON,โมบายไลฟ์
5,ROBINSON,โสรญา
5,ROBINSON,ไข่เจียวแฟนซี
5,28 PLEASE,CENTRAL DEPARTMENT STORE
5,CENTRAL DEPARTMENT STORE,ALL LOVE
5,CENTRAL DEPARTMENT STORE,ALUMINUM BY FANTASY
5,CENTRAL DEPARTMENT STORE,ANGLE PHONE
5,CENTRAL DEPARTMENT STORE,ART ZONE
5,CENTRAL DEPARTMENT STORE,AT EXCLUSIVE
5,CENTRAL DEPARTMENT STORE,AU BON PAIN
5,CENTRAL DEPARTMENT STORE,BAAN SUKHAPHARBDEE THE PRIVILEGE
5,CENTRAL DEPARTMENT STORE,BANK OPTIC
5,CENTRAL DEPARTMENT STORE,BKT MOBILE 1
5,CENTRAL DEPARTMENT STORE,BOONNUM KHAOMANGAI
5,CENTRAL DEPARTMENT STORE,DANAI
5,CENTRAL DEPARTMENT STORE,DOMINIC
5,CENTRAL DEPARTMENT STORE,EBM MOBILE GROUP
5,CENTRAL DEPARTMENT STORE,ENERGY WELLNESS PLUS
5,CENTRAL DEPARTMENT STORE,EVOLUTION SILVER
5,CENTRAL DEPARTMENT STORE,FIRST TIME SERVICE
5,CENTRAL DEPARTMENT STORE,FOCUS CITY
5,CENTRAL DEPARTMENT STORE,GEMICK
5,CENTRAL DEPARTMENT STORE,GNC
5,CENTRAL DEPARTMENT STORE,HAIR DÉCOR
5,CENTRAL DEPARTMENT STORE,HOKKAIDO MILK
5,CENTRAL DEPARTMENT STORE,ID MOBILE
5,CENTRAL DEPARTMENT STORE,ISBN HAIR UNIT
5,CENTRAL DEPARTMENT STORE,ISETAN
5,CENTRAL DEPARTMENT STORE,KANMAG
5,CENTRAL DEPARTMENT STORE,KAO-I NUAT FA THAO SKS
5,CENTRAL DEPARTMENT STORE,KONGKA FURNITURE
5,CENTRAL DEPARTMENT STORE,LUCKY FRAME
5,CENTRAL DEPARTMENT STORE,MOMO LAND
5,CENTRAL DEPARTMENT STORE,MRS PHIL JIN JOUNG
5,CENTRAL DEPARTMENT STORE,NATO 168
5,CENTRAL DEPARTMENT STORE,NEO CLINIC
5,CENTRAL DEPARTMENT STORE,NS.MINIMART
5,CENTRAL DEPARTMENT STORE,Narit
5,CENTRAL DEPARTMENT STORE,OXFORD
5,CENTRAL DEPARTMENT STORE,P. STONE DESIGN
5,CENTRAL DEPARTMENT STORE,PERFECT A.
5,CENTRAL DEPARTMENT STORE,PERFECT OFFICE
5,CENTRAL DEPARTMENT STORE,POPCORN MAJOR
5,CENTRAL DEPARTMENT STORE,PPS MOBILE
5,CENTRAL DEPARTMENT STORE,ROHAN COFFEE
5,CENTRAL DEPARTMENT STORE,SAKU SAKU
5,CENTRAL DEPARTMENT STORE,SENDAI
5,CENTRAL DEPARTMENT STORE,SONGSENGHENG YAOWARAJ
5,CENTRAL DEPARTMENT STORE,SPA AT HOME
5,CENTRAL DEPARTMENT STORE,TAPTIM GOLD
5,CENTRAL DEPARTMENT STORE,U PHONE
5,CENTRAL DEPARTMENT STORE,VANA SLEEPWEAR
5,CENTRAL DEPARTMENT STORE,VITAMIN USA
5,CENTRAL DEPARTMENT STORE,WASH ME
5,CENTRAL DEPARTMENT STORE,กันต์เอง
5,CENTRAL DEPARTMENT STORE,ก๋วยเตี๋ยวหมูตุ๋นรสเด็ด
5,CENTRAL DEPARTMENT STORE,ขนมหวาน
5,CENTRAL DEPARTMENT STORE,คุ้มทิพย์ จิวเวลรี่
5,CENTRAL DEPARTMENT STORE,ช่างนน ภคินโฟน
5,CENTRAL DEPARTMENT STORE,ช้างมงคล
5,CENTRAL DEPARTMENT STORE,ตู่้แช่นำ้แข็ง
5,CENTRAL DEPARTMENT STORE,นัวปากเจ่อ
5,CENTRAL DEPARTMENT STORE,น้ำทิพย์
5,CENTRAL DEPARTMENT STORE,น้ำแข็ง
5,CENTRAL DEPARTMENT STORE,มัลดิฟท์
5,CENTRAL DEPARTMENT STORE,รวย มง คล
5,CENTRAL DEPARTMENT STORE,วาดรูป
5,CENTRAL DEPARTMENT STORE,สมบัติโภชนา
5,CENTRAL DEPARTMENT STORE,สุรีย์ ฟลอริส
5,CENTRAL DEPARTMENT STORE,สุวรรณี ตามสั่ง
5,CENTRAL DEPARTMENT STORE,ห้างทอง ทองสุขดี
5,CENTRAL DEPARTMENT STORE,ห้างเพชรทองทวีชัย 1
5,CENTRAL DEPARTMENT STORE,อุปกรณ์พระ
5,CENTRAL DEPARTMENT STORE,เจม 92
5,CENTRAL DEPARTMENT STORE,เอส โคล่า
5,CENTRAL DEPARTMENT STORE,เอส.ซี.เลเธอร์
5,CENTRAL DEPARTMENT STORE,แดงการปัก
5,CENTRAL DEPARTMENT STORE,แฟนตาซี ช้อป
5,CENTRAL DEPARTMENT STORE,แม่ทองใบ
5,CENTRAL DEPARTMENT STORE,แองเจิลเฮ้าส์
5,CENTRAL DEPARTMENT STORE,โชคมีทรัพย์
5,CENTRAL DEPARTMENT STORE,ไดมอนด์ เซอร์วิส
4,ROBINSON DEPARTMENT STORE,AFS STUDIO
4,ROBINSON DEPARTMENT STORE,B SERVICE
4,ROBINSON DEPARTMENT STORE,BIRD & CO
4,ROBINSON DEPARTMENT STORE,BUBLUEMARINE
4,ROBINSON DEPARTMENT STORE,CC CERAMIC
4,ROBINSON DEPARTMENT STORE,COTTON STUDIO
4,ROBINSON DEPARTMENT STORE,Coway Shop Thailand ByM
4,ROBINSON DEPARTMENT STORE,DER-EXPORT
4,ROBINSON DEPARTMENT STORE,DHANABADEE
4,ROBINSON DEPARTMENT STORE,DOTLSD
4,ROBINSON DEPARTMENT STORE,FRIDAY MORNING
4,ROBINSON DEPARTMENT STORE,Gift Shop 20
4,ROBINSON DEPARTMENT STORE,HOMHUG
4,ROBINSON DEPARTMENT STORE,ICENTER SERVICE
4,ROBINSON DEPARTMENT STORE,INDRA CERAMIC
4,ROBINSON DEPARTMENT STORE,JOYLIDAY
4,ROBINSON DEPARTMENT STORE,Jelly Candy
4,ROBINSON DEPARTMENT STORE,KATENAPA PAINTLEB
4,ROBINSON DEPARTMENT STORE,KUMIGAR
4,ROBINSON DEPARTMENT STORE,MEAW GIFTSHOP
4,ROBINSON DEPARTMENT STORE,Mandala
4,ROBINSON DEPARTMENT STORE,Monsoon Tea
4,ROBINSON DEPARTMENT STORE,NAMMORN DESIGN
4,ROBINSON DEPARTMENT STORE,NATURE TOUCH - MISS ROSE
4,ROBINSON DEPARTMENT STORE,ONE WATCH SERVICE
4,ROBINSON DEPARTMENT STORE,P P Phone พระนครโฟน
4,ROBINSON DEPARTMENT STORE,PETTOMARU
4,ROBINSON DEPARTMENT STORE,PHANGAN
4,ROBINSON DEPARTMENT STORE,PITA
4,ROBINSON DEPARTMENT STORE,PUTTASIT CERAMICS
4,ROBINSON DEPARTMENT STORE,RAW DO
4,ROBINSON DEPARTMENT STORE,SEASON
4,ROBINSON DEPARTMENT STORE,SOMSAK CERAMIC
4,ROBINSON DEPARTMENT STORE,STANG
4,ROBINSON DEPARTMENT STORE,THE EXTRACTION MOVE LAMPANG
4,ROBINSON DEPARTMENT STORE,THINGS OF TIN
4,ROBINSON DEPARTMENT STORE,กาแฟสดเกษตรหลวง
4,ROBINSON DEPARTMENT STORE,ก้อนดิน เซรามิก
4,ROBINSON DEPARTMENT STORE,ขายดีโฟน
4,ROBINSON DEPARTMENT STORE,คนรักเป็ด
4,ROBINSON DEPARTMENT STORE,คุ้มครั่งหอม
4,ROBINSON DEPARTMENT STORE,จอมทัพชา
4,ROBINSON DEPARTMENT STORE,ซะป๊ะปิ้ง ย่าง
4,ROBINSON DEPARTMENT STORE,ซ๊ะป๊ะขนส่ง
4,ROBINSON DEPARTMENT STORE,ดีหมีโฟน
4,ROBINSON DEPARTMENT STORE,ตติยาผ้าพิมพ์
4,ROBINSON DEPARTMENT STORE,ต้นเงิน
4,ROBINSON DEPARTMENT STORE,ธนโชติโมบาย
4,ROBINSON DEPARTMENT STORE,น้องเตชินท์
4,ROBINSON DEPARTMENT STORE,น้องแดง เบเกอรี่
4,ROBINSON DEPARTMENT STORE,น้ำหนึ่งอาหารตามสั่ง
4,ROBINSON DEPARTMENT STORE,บัวผาย
4,ROBINSON DEPARTMENT STORE,ปรัตถกรผ้าทอ
4,ROBINSON DEPARTMENT STORE,ผ้าตีนจกแก้วใจ
4,ROBINSON DEPARTMENT STORE,ผ้าปักโสพิน
4,ROBINSON DEPARTMENT STORE,ผ้าย้อมคราม ลำปาง
4,ROBINSON DEPARTMENT STORE,ฟ้าไทย
4,ROBINSON DEPARTMENT STORE,มะเมี๊ยะ ลำปาง
4,ROBINSON DEPARTMENT STORE,มาหาเสน่ห์
4,ROBINSON DEPARTMENT STORE,ย.ยักษ์
4,ROBINSON DEPARTMENT STORE,ยำคลุก
4,ROBINSON DEPARTMENT STORE,ลำปางบ้านเบญจรงค์
4,ROBINSON DEPARTMENT STORE,ลิลิน บ้านขนม
4,ROBINSON DEPARTMENT STORE,วารีนวดแผนไทย
4,ROBINSON DEPARTMENT STORE,ศูนย์บริการประชาชนภาครัฐ จังหวัดลำปาง
4,ROBINSON DEPARTMENT STORE,สุภัสนิมิตร
4,ROBINSON DEPARTMENT STORE,หนูตูม Coffee
4,ROBINSON DEPARTMENT STORE,อั่งเปาเซรามิค
4,ROBINSON DEPARTMENT STORE,อารีเซรามิค ศูนย์เรียนรู้และจำหน่ายเครื่องประดับ
4,ROBINSON DEPARTMENT STORE,อินเตอร์โฟน
4,ROBINSON DEPARTMENT STORE,ฮอมฮักผ้าทอทุ่งฮี
4,ROBINSON DEPARTMENT STORE,ฮักทอ
4,ROBINSON DEPARTMENT STORE,เกงก๋าไก่
4,ROBINSON DEPARTMENT STORE,เซ็นทรัลอาร์ต แกลอรี่ ลำปาง
4,ROBINSON DEPARTMENT STORE,เสเพล
4,ROBINSON DEPARTMENT STORE,แอร์ยำๆ
4,ROBINSON DEPARTMENT STORE,ABLEMEN BY PHONE ONE
4,ROBINSON DEPARTMENT STORE,ABSOLUTE MAC
4,ROBINSON DEPARTMENT STORE,AOM KA TUNG
4,ROBINSON DEPARTMENT STORE,APHISET MASSAGE
4,ROBINSON DEPARTMENT STORE,B PLAY
4,ROBINSON DEPARTMENT STORE,BANANA CREAM CHEESE By ธรัช
4,ROBINSON DEPARTMENT STORE,BOOMBOOM TOY Kids
4,ROBINSON DEPARTMENT STORE,BRANDNAME STER
4,ROBINSON DEPARTMENT STORE,BUN
4,ROBINSON DEPARTMENT STORE,Baggu & Me
4,ROBINSON DEPARTMENT STORE,CHIC SHOP
4,ROBINSON DEPARTMENT STORE,CLICK
4,ROBINSON DEPARTMENT STORE,EGG-E-EGG-EGG
4,ROBINSON DEPARTMENT STORE,F PHONE
4,ROBINSON DEPARTMENT STORE,F&Y-PHONE
4,ROBINSON DEPARTMENT STORE,FA GLASS
4,ROBINSON DEPARTMENT STORE,FA MOBILE
4,ROBINSON DEPARTMENT STORE,FLINTSTONES
4,ROBINSON DEPARTMENT STORE,HD PHONE
4,ROBINSON DEPARTMENT STORE,HENGCHAROEN
4,ROBINSON DEPARTMENT STORE,HOBS
4,ROBINSON DEPARTMENT STORE,I MADE YOU SHINE
4,ROBINSON DEPARTMENT STORE,JARIKA SHOP
4,ROBINSON DEPARTMENT STORE,JNJEANS
4,ROBINSON DEPARTMENT STORE,K@FASHION
4,ROBINSON DEPARTMENT STORE,KOON POOK
4,ROBINSON DEPARTMENT STORE,KUNGGRAW PHONE
4,ROBINSON DEPARTMENT STORE,M&Y MOBILE
4,ROBINSON DEPARTMENT STORE,MANTENDO
4,ROBINSON DEPARTMENT STORE,MATA
4,ROBINSON DEPARTMENT STORE,MAWEE
4,ROBINSON DEPARTMENT STORE,MOMMY_NOK
4,ROBINSON DEPARTMENT STORE,MONTIP
4,ROBINSON DEPARTMENT STORE,MUKDA
4,ROBINSON DEPARTMENT STORE,MY SOCKS
4,ROBINSON DEPARTMENT STORE,MY มาย
4,ROBINSON DEPARTMENT STORE,NAI PHONE
4,ROBINSON DEPARTMENT STORE,NICE PHONE
4,ROBINSON DEPARTMENT STORE,NN MOBILE
4,ROBINSON DEPARTMENT STORE,PHONE ONE
4,ROBINSON DEPARTMENT STORE,PHOOK
4,ROBINSON DEPARTMENT STORE,PLOY
4,ROBINSON DEPARTMENT STORE,PM BEAUTY CENTER
4,ROBINSON DEPARTMENT STORE,POST SERVICE
4,ROBINSON DEPARTMENT STORE,PenguinKnight Ice-Cream
4,ROBINSON DEPARTMENT STORE,RICO
4,ROBINSON DEPARTMENT STORE,ROYAL IVY
4,ROBINSON DEPARTMENT STORE,SN Phone
4,ROBINSON DEPARTMENT STORE,SWEET SECRET CROISSANT
4,ROBINSON DEPARTMENT STORE,T-489 SHOP
4,ROBINSON DEPARTMENT STORE,VEESUDA JEWELRY
4,ROBINSON DEPARTMENT STORE,YJK แฟชั่น
4,ROBINSON DEPARTMENT STORE,i Fixer
4,ROBINSON DEPARTMENT STORE,คุณป้อม ME STYLE
4,ROBINSON DEPARTMENT STORE,ต้นตาล Shop
4,ROBINSON DEPARTMENT STORE,บนเตา&บูบัน
4,ROBINSON DEPARTMENT STORE,พิชชี่
4,ROBINSON DEPARTMENT STORE,ลอตเตอรี่นำโชค
4,ROBINSON DEPARTMENT STORE,ศรีนำโชค
4,ROBINSON DEPARTMENT STORE,สมาย
4,ROBINSON DEPARTMENT STORE,หอมมนต์ทองม้วนสด-กรอบ
4,ROBINSON DEPARTMENT STORE,หอมมนต์บ้าบิ่นมะพร้าวอ่อน
4,ROBINSON DEPARTMENT STORE,ห้องชุมสาย NT
4,ROBINSON DEPARTMENT STORE,เกรซ เฟเชียล เอสเธติก
4,ROBINSON DEPARTMENT STORE,เจ้าสัวพาเที่ยว 168
4,ROBINSON DEPARTMENT STORE,ไม่อร่อยให้ต่อย
4,ROBINSON DEPARTMENT STORE,ไหมไทยโบราณ
4,A.N. MOBILE,AUTHORIZED SERVICE CENTER
4,AUTHORIZED SERVICE CENTER,AN WATCH
4,AUTHORIZED SERVICE CENTER,APRIL BAKERY
4,AUTHORIZED SERVICE CENTER,BANANA VISION
4,AUTHORIZED SERVICE CENTER,BLACK BERRY
4,AUTHORIZED SERVICE CENTER,C SAR MOBILE
4,AUTHORIZED SERVICE CENTER,D SPORTS STADIUM
4,AUTHORIZED SERVICE CENTER,DUANG DEE PHONE
4,AUTHORIZED SERVICE CENTER,EAT AND TREAT
4,AUTHORIZED SERVICE CENTER,EDO BY OLINO
4,AUTHORIZED SERVICE CENTER,EXCLUSIVE
4,AUTHORIZED SERVICE CENTER,FLEX REHAB CLINIC
4,AUTHORIZED SERVICE CENTER,FOLLOW ME SHOP
4,AUTHORIZED SERVICE CENTER,FON MOBILE
4,AUTHORIZED SERVICE CENTER,GLOWE' CLINIC
4,AUTHORIZED SERVICE CENTER,GYU KAKU
4,AUTHORIZED SERVICE CENTER,HARUKI
4,AUTHORIZED SERVICE CENTER,HEALTHY FACE CLINIC
4,AUTHORIZED SERVICE CENTER,JAIYEN PHONE
4,AUTHORIZED SERVICE CENTER,JAKRAWAL SALON
4,AUTHORIZED SERVICE CENTER,JB NAIL
4,AUTHORIZED SERVICE CENTER,KANEKO HANNOSUKE
4,AUTHORIZED SERVICE CENTER,LBC CLINIC
4,AUTHORIZED SERVICE CENTER,MARUMATCHA
4,AUTHORIZED SERVICE CENTER,MATCHAKA
4,AUTHORIZED SERVICE CENTER,MAWIN PHONE
4,AUTHORIZED SERVICE CENTER,MAXIMUM PLUS MOBILE
4,AUTHORIZED SERVICE CENTER,MEETING PRINT
4,AUTHORIZED SERVICE CENTER,NIMMAN COFFEE
4,AUTHORIZED SERVICE CENTER,NOUV BRANDS
4,AUTHORIZED SERVICE CENTER,NS MOBILE PHONE
4,AUTHORIZED SERVICE CENTER,ONE FIX SERVICE
4,AUTHORIZED SERVICE CENTER,OPTICANA
4,AUTHORIZED SERVICE CENTER,P&F SMOOTH LIFE
4,AUTHORIZED SERVICE CENTER,POOMJAI MOBILE
4,AUTHORIZED SERVICE CENTER,PP. GAMES & MOBILE
4,AUTHORIZED SERVICE CENTER,Riches Brow
4,AUTHORIZED SERVICE CENTER,SARAN JEANS
4,AUTHORIZED SERVICE CENTER,SATHANG PHONE
4,AUTHORIZED SERVICE CENTER,SEOUL ONE HAIR
4,AUTHORIZED SERVICE CENTER,SIAM PASTEL
4,AUTHORIZED SERVICE CENTER,SOCK BAR
4,AUTHORIZED SERVICE CENTER,SOUR LITTLE 7
4,AUTHORIZED SERVICE CENTER,STANDARD PRODUCTS/DAISO
4,AUTHORIZED SERVICE CENTER,SULBING
4,AUTHORIZED SERVICE CENTER,SVN DATA
4,AUTHORIZED SERVICE CENTER,Smile IT Service
4,AUTHORIZED SERVICE CENTER,TANWA THE FOOD PROJECT
4,AUTHORIZED SERVICE CENTER,TAWAN
4,AUTHORIZED SERVICE CENTER,THE PRINCESS CLINIC
4,AUTHORIZED SERVICE CENTER,TIME COFFEE
4,AUTHORIZED SERVICE CENTER,TOP MOBILE
4,AUTHORIZED SERVICE CENTER,TOPS MARKET
4,AUTHORIZED SERVICE CENTER,The Dentistry
4,AUTHORIZED SERVICE CENTER,UP LOOK EYELASH EXTENSION
4,AUTHORIZED SERVICE CENTER,YAMA MATCHA
4,AUTHORIZED SERVICE CENTER,YELLOW STUFF
4,AUTHORIZED SERVICE CENTER,YEONDU
4,AUTHORIZED SERVICE CENTER,YOPPA YOGURT
4,AUTHORIZED SERVICE CENTER,berry&sons.
4,AUTHORIZED SERVICE CENTER,คนรักการพิมพ์
4,AUTHORIZED SERVICE CENTER,ครัวขมิ้น ลาภปลาตะเพียน
4,AUTHORIZED SERVICE CENTER,พรเพชร
4,AUTHORIZED SERVICE CENTER,ลายไม้
4,AUTHORIZED SERVICE CENTER,เกศเตี๋ยว ก๋วยเตี๋ยวเรือ
4,AUTHORIZED SERVICE CENTER,เฉลียงนวด
4,AUTHORIZED SERVICE CENTER,เพชรพลอยเจมส์
4,AUTHORIZED SERVICE CENTER,เพชรมงคล
4,AUTHORIZED SERVICE CENTER,เอ เอ็ม โฟน
3,ATM SIAM COMMERCIAL BANK,PAUL SMITH
3,ATM SIAM COMMERCIAL BANK,VICTORIA'S SECRET
3,CENTRAL DEPARTMENT STORE,79 COMPUTER
3,CENTRAL DEPARTMENT STORE,888 PHONE
3,CENTRAL DEPARTMENT STORE,AOM&BEE
3,CENTRAL DEPARTMENT STORE,AUM PHUN
3,CENTRAL DEPARTMENT STORE,AUTCHARA
3,CENTRAL DEPARTMENT STORE,BABYSMILE GACHAPON
3,CENTRAL DEPARTMENT STORE,BAG ART
3,CENTRAL DEPARTMENT STORE,CASETY
3,CENTRAL DEPARTMENT STORE,CHAM BO MO BAI
3,CENTRAL DEPARTMENT STORE,COMMY
3,CENTRAL DEPARTMENT STORE,DESIGN DELIVERY
3,CENTRAL DEPARTMENT STORE,DOGMILD
3,CENTRAL DEPARTMENT STORE,DOUBLE GOOSE
3,CENTRAL DEPARTMENT STORE,ESCENT NAKHON PATHOM
3,CENTRAL DEPARTMENT STORE,EYE CONTACT
3,CENTRAL DEPARTMENT STORE,FONG FAB LAUNDRY & DRYCLEAN
3,CENTRAL DEPARTMENT STORE,FOTAYA
3,CENTRAL DEPARTMENT STORE,FRESH N' FRUITY
3,CENTRAL DEPARTMENT STORE,GAMSAI SALAPAO
3,CENTRAL DEPARTMENT STORE,GE SMART PHONE
3,CENTRAL DEPARTMENT STORE,GOLFAKE MOBILE
3,CENTRAL DEPARTMENT STORE,HELLO CASE
3,CENTRAL DEPARTMENT STORE,ICEKOOL
3,CENTRAL DEPARTMENT STORE,IN LOVE
3,CENTRAL DEPARTMENT STORE,ITGO
3,CENTRAL DEPARTMENT STORE,JETTS 24 HOURS FITNESS
3,CENTRAL DEPARTMENT STORE,JOJI
3,CENTRAL DEPARTMENT STORE,KARI KORI
3,CENTRAL DEPARTMENT STORE,KK PHONE
3,CENTRAL DEPARTMENT STORE,KNU BOX
3,CENTRAL DEPARTMENT STORE,KPN
3,CENTRAL DEPARTMENT STORE,Koreadong Thailand
3,CENTRAL DEPARTMENT STORE,LALLA NAIL
3,CENTRAL DEPARTMENT STORE,LAO YUAN
3,CENTRAL DEPARTMENT STORE,LUCKY MOBILE
3,CENTRAL DEPARTMENT STORE,LUXURY MON RONGRAM SIX STAR
3,CENTRAL DEPARTMENT STORE,M SALAD CAFE & FOOD FOR LIFE
3,CENTRAL DEPARTMENT STORE,MAITREECHIT
3,CENTRAL DEPARTMENT STORE,MEE DEE
3,CENTRAL DEPARTMENT STORE,MEMO
3,CENTRAL DEPARTMENT STORE,MEWELRY DIAMOND AND SERVICES
3,CENTRAL DEPARTMENT STORE,MINI MINI
3,CENTRAL DEPARTMENT STORE,MONA
3,CENTRAL DEPARTMENT STORE,NAILS STUDIO BY JEED
3,CENTRAL DEPARTMENT STORE,NINETYNINE
3,CENTRAL DEPARTMENT STORE,NJ MOBILE
3,CENTRAL DEPARTMENT STORE,O-LI-NO
3,CENTRAL DEPARTMENT STORE,OCHAYA
3,CENTRAL DEPARTMENT STORE,OISHI RAMEN
3,CENTRAL DEPARTMENT STORE,PAIGUN HANDMADE
3,CENTRAL DEPARTMENT STORE,PANG SIAM
3,CENTRAL DEPARTMENT STORE,PERFECT WATCH
3,CENTRAL DEPARTMENT STORE,PHO LUNG HO
3,CENTRAL DEPARTMENT STORE,PHUPHA
3,CENTRAL DEPARTMENT STORE,PLE AOUN MOBILE
3,CENTRAL DEPARTMENT STORE,PLUS DENTAL CLINIC
3,CENTRAL DEPARTMENT STORE,PROUDLY CANDY
3,CENTRAL DEPARTMENT STORE,PUENMOBILE
3,CENTRAL DEPARTMENT STORE,PUNTHAI COFFEE
3,CENTRAL DEPARTMENT STORE,RAKA TATTOO
3,CENTRAL DEPARTMENT STORE,RATNICHA GASHAPON
3,CENTRAL DEPARTMENT STORE,RUMPHA
3,CENTRAL DEPARTMENT STORE,SANEJAN
3,CENTRAL DEPARTMENT STORE,SANTA FE STEAK
3,CENTRAL DEPARTMENT STORE,SEACRET
3,CENTRAL DEPARTMENT STORE,SEPTEMBER 10
3,CENTRAL DEPARTMENT STORE,SHE'S JEANS
3,CENTRAL DEPARTMENT STORE,SO.ON
3,CENTRAL DEPARTMENT STORE,SeEcha
3,CENTRAL DEPARTMENT STORE,T MOBILE
3,CENTRAL DEPARTMENT STORE,TAIYAKI BY KHAOHOM
3,CENTRAL DEPARTMENT STORE,TANG KEY SERVICE
3,CENTRAL DEPARTMENT STORE,TEE SERVICES
3,CENTRAL DEPARTMENT STORE,TIME NARIKA
3,CENTRAL DEPARTMENT STORE,TUA LEK MOBILE
3,CENTRAL DEPARTMENT STORE,YOI YOII
