Corporate,Brand,Relationship
CRC,CENTRAL DEPARTMENT STORE,Operates
CRC,ROBINSON DEPARTMENT STORE,Operates
CRC,POWER BUY,Operates
CRC,SUPER SPORTS,Operates
CRC,THAIWATSU,Operates
CRC,B2S,Operates
CRC,OFFICEMATE,Operates
CRC,MATSUKIYO,Operates
CRC,TOPS,Operates
CRC,TOPS FOOD HALL,Operates
CRC,TOPS DAILY,Operates
CRC,BIG C,Operates
CRC,BIG CAMERA,Operates
CRC,CENTRAL EDITION,Operates
CRC,CENTRAL FOOD HALL,Operates
CRG,MISTER DONUT,Operates
CRG,KFC,Operates
CRG,AUNTIE ANNE'S,Operates
CRG,PEPPER LUNCH,Operates
CRG,KATSUYA,Operates
CRG,YOSHINOYA,Operates
CRG,OOTOYA,Operates
CRG,COLD STONE CREAMERY,Operates
CRG,SOMTAM NUA,Operates
CRG,CHABUTON,Operates
CRG,SALAD FACTORY,Operates
CRG,SHINKANZEN SUSHI,Operates
CPN,CENTRAL DEPARTMENT STORE,Anchor
CPN,ROBINSON DEPARTMENT STORE,Anchor
